STATEFP,COUNTYFP,TRACTCE,GEOID,NAME,NAMELSAD,MTFCC,FUNCSTAT,ALAND,AWATER,INTPTLAT,INTPTLON,monAve_alc,age_mean,income_mea,assaults_Q,liquor_QNS
"36","081","054700","36081054700","547",Census Tract 547,G5020,S,"129153","0","+40.7036294","-073.9097111",,,,11.76515,14.30006
"36","081","055300","36081055300","553",Census Tract 553,G5020,S,"137026","0","+40.6989501","-073.9065464",151.000000,51.000000,140439.000000,17.40283,11.73292
"36","081","053500","36081053500","535",Census Tract 535,G5020,S,"502656","14162","+40.7159321","-073.9189517",,,,1.11054,1.22524
"36","081","054500","36081054500","545",Census Tract 545,G5020,S,"113474","0","+40.7055479","-073.9126214",,,,7.88591,8.45621
"36","081","051100","36081051100","511",Census Tract 511,G5020,S,"273907","0","+40.7273279","-073.9001655",,,,4.52815,5.66587
"36","081","053900","36081053900","539",Census Tract 539,G5020,S,"604540","0","+40.7105131","-073.9165504",,,,4.53694,1.67674
"36","081","059500","36081059500","595",Census Tract 595,G5020,S,"396049","0","+40.7137750","-073.9083422",,,,2.20246,4.13133
"36","081","051700","36081051700","517",Census Tract 517,G5020,S,"254179","0","+40.7246283","-073.9002940",,,,2.34443,4.25045
"36","081","059100","36081059100","591",Census Tract 591,G5020,S,"202060","0","+40.7081118","-073.9097807",,,,6.94976,8.52254
"36","081","059300","36081059300","593",Census Tract 593,G5020,S,"252144","0","+40.7102080","-073.9026508",,,,8.22187,8.15106
"36","081","007300","36081007300","73",Census Tract 73,G5020,S,"141561","0","+40.7669950","-073.9253702",,,,7.63188,19.62438
"36","081","011900","36081011900","119",Census Tract 119,G5020,S,"111475","0","+40.7712054","-073.9060641",,,,3.03356,21.09686
"36","081","052500","36081052500","525",Census Tract 525,G5020,S,"202105","0","+40.7189703","-073.9066375",,,,2.21982,4.40210
"36","081","005900","36081005900","59",Census Tract 59,G5020,S,"190210","0","+40.7597006","-073.9239255",,,,4.05862,46.93784
"36","081","014300","36081014300","143",Census Tract 143,G5020,S,"136506","0","+40.7662996","-073.9115113",,,,65.19554,25.63758
"36","081","016100","36081016100","161",Census Tract 161,G5020,S,"107696","0","+40.7550819","-073.9145862",,,,3.17902,9.91652
"36","081","005500","36081005500","55",Census Tract 55,G5020,S,"165967","0","+40.7537948","-073.9277888",,,,3.80004,14.80108
"36","081","054900","36081054900","549",Census Tract 549,G5020,S,"164280","0","+40.7021910","-073.9078131",,,,16.04639,15.97110
"36","081","015300","36081015300","153",Census Tract 153,G5020,S,"121629","0","+40.7580816","-073.9136474",,,,4.69503,15.57974
"36","081","015100","36081015100","151",Census Tract 151,G5020,S,"133431","0","+40.7601670","-073.9108443",,,,3.84684,13.61515
"36","081","003100","36081003100","31",Census Tract 31,G5020,S,"164962","0","+40.7531761","-073.9339044",,,,11.37211,7.47667
"36","081","005100","36081005100","51",Census Tract 51,G5020,S,"137123","0","+40.7556398","-073.9321381",,,,8.47268,11.03728
"36","081","001900","36081001900","19",Census Tract 19,G5020,S,"867932","0","+40.7485604","-073.9450314",,,,6.65895,13.69601
"36","081","002500","36081002500","25",Census Tract 25,G5020,S,"210427","0","+40.7549606","-073.9451645",,,,15.04824,3.71299
"36","081","000100","36081000100","1",Census Tract 1,G5020,S,"1139946","172724","+40.7410475","-073.9434565",,,,44.83939,22.75043
"36","081","000700","36081000700","7",Census Tract 7,G5020,S,"545045","0","+40.7448437","-073.9514090",,,,44.94625,27.24193
"36","081","009700","36081009700","97",Census Tract 97,G5020,S,"201806","0","+40.7764819","-073.9186027",,,,3.94997,8.51318
"36","081","017900","36081017900","179",Census Tract 179,G5020,S,"473761","0","+40.7446893","-073.9302773",,,,4.71618,5.65456
"36","081","005700","36081005700","57",Census Tract 57,G5020,S,"223565","0","+40.7569544","-073.9256721",,,,3.55216,30.80483
"36","081","014100","36081014100","141",Census Tract 141,G5020,S,"171071","0","+40.7669906","-073.9066900",,,,4.52450,11.56451
"36","081","010100","36081010100","101",Census Tract 101,G5020,S,"172758","0","+40.7784032","-073.9162557",,,,6.74228,9.57266
"36","081","011100","36081011100","111",Census Tract 111,G5020,S,"150737","0","+40.7787953","-073.9073131",,,,2.36534,12.76534
"36","081","015900","36081015900","159",Census Tract 159,G5020,S,"169679","0","+40.7557869","-073.9183425",163.000000,61.000000,194695.000000,3.17596,20.95930
"36","081","055100","36081055100","551",Census Tract 551,G5020,S,"155133","0","+40.7015951","-073.9039117",,,,20.92876,15.23355
"36","081","018300","36081018300","183",Census Tract 183,G5020,S,"215023","0","+40.7453409","-073.9196687",,,,10.19644,20.96938
"36","081","006900","36081006900","69",Census Tract 69,G5020,S,"210779","0","+40.7715037","-073.9221645",,,,27.25835,14.89988
"36","081","009900","36081009900","99",Census Tract 99,G5020,S,"249218","0","+40.7785586","-073.9230863",,,,1.44585,1.48247
"36","081","008300","36081008300","83",Census Tract 83,G5020,S,"191339","0","+40.7726203","-073.9286959",,,,9.61852,7.74032
"36","081","009500","36081009500","95",Census Tract 95,G5020,S,"164511","0","+40.7744651","-073.9207974",,,,6.69794,8.12903
"36","081","007900","36081007900","79",Census Tract 79,G5020,S,"160511","0","+40.7691001","-073.9299452",,,,7.71099,7.30140
"36","081","008100","36081008100","81",Census Tract 81,G5020,S,"112317","0","+40.7700756","-073.9335826",,,,7.27010,4.31638
"36","081","008700","36081008700","87",Census Tract 87,G5020,S,"253377","2387","+40.7744252","-073.9351452",,,,8.85094,1.87364
"36","081","009100","36081009100","91",Census Tract 91,G5020,S,"186329","0","+40.7758580","-073.9296772",,,,7.03518,3.25591
"36","081","006100","36081006100","61",Census Tract 61,G5020,S,"195052","0","+40.7620307","-073.9220410",,,,5.58546,52.41384
"36","081","007700","36081007700","77",Census Tract 77,G5020,S,"126674","0","+40.7667329","-073.9317327",,,,4.83358,5.60477
"36","081","004700","36081004700","47",Census Tract 47,G5020,S,"179250","0","+40.7602879","-073.9331578",,,,8.02894,6.77448
"36","081","005300","36081005300","53",Census Tract 53,G5020,S,"196497","0","+40.7603485","-073.9292728",,,,3.52941,22.13078
"36","081","004500","36081004500","45",Census Tract 45,G5020,S,"220374","0","+40.7645328","-073.9337656",,,,6.68460,4.03481
"36","081","103900","36081103900","1039",Census Tract 1039,G5020,S,"878035","0","+40.7840478","-073.8190933",,,,1.03150,1.62601
"36","081","102900","36081102900","1029",Census Tract 1029,G5020,S,"490509","0","+40.7838708","-073.8073649",,,,0.32104,2.95492
"36","081","058100","36081058100","581",Census Tract 581,G5020,S,"143606","0","+40.7039692","-073.8937889",,,,115.89429,6.38049
"36","081","071306","36081071306","713.06",Census Tract 713.06,G5020,S,"181336","0","+40.7261621","-073.8560468",,,,16.64848,6.75765
"36","081","057900","36081057900","579",Census Tract 579,G5020,S,"68348","0","+40.7034917","-073.8900443",,,,83.53057,4.66768
"36","081","043701","36081043701","437.01",Census Tract 437.01,G5020,S,"145211","0","+40.7391541","-073.8510910",,,,11.15862,0.91496
"36","081","061302","36081061302","613.02",Census Tract 613.02,G5020,S,"487033","0","+40.7093274","-073.8835278",,,,2.18886,0.88159
"36","081","013200","36081013200","132",Census Tract 132,G5020,S,"192356","0","+40.7012940","-073.8343887",,,,95.02415,6.17714
"36","081","013400","36081013400","134",Census Tract 134,G5020,S,"190808","0","+40.7052797","-073.8349794",,,,2.07761,5.11604
"36","081","012200","36081012200","122",Census Tract 122,G5020,S,"210185","0","+40.6964970","-073.8310666",,,,131.17201,6.81070
"36","081","012400","36081012400","124",Census Tract 124,G5020,S,"197659","0","+40.6952063","-073.8343035",,,,76.50681,4.49392
"36","081","012602","36081012602","126.02",Census Tract 126.02,G5020,S,"148974","0","+40.6931695","-073.8407053",,,,12.75684,5.09693
"36","081","011800","36081011800","118",Census Tract 118,G5020,S,"157088","0","+40.6906515","-073.8338966",,,,12.29463,4.38619
"36","081","011000","36081011000","110",Census Tract 110,G5020,S,"165044","0","+40.6873142","-073.8350142",,,,20.48926,6.82508
"36","081","011200","36081011200","112",Census Tract 112,G5020,S,"189192","0","+40.6841012","-073.8390726",,,,99.31314,6.31107
"36","081","075701","36081075701","757.01",Census Tract 757.01,G5020,S,"197647","0","+40.7182200","-073.8348167",,,,0.51307,4.08760
"36","081","093401","36081093401","934.01",Census Tract 934.01,G5020,S,"542009","554670","+40.5813729","-073.8465839",,,,0.00330,2.27663
"36","081","071701","36081071701","717.01",Census Tract 717.01,G5020,S,"190067","0","+40.7313333","-073.8598810",,,,7.80949,12.01331
"36","081","071702","36081071702","717.02",Census Tract 717.02,G5020,S,"226980","0","+40.7334770","-073.8628305",,,,12.16826,9.86170
"36","081","071304","36081071304","713.04",Census Tract 713.04,G5020,S,"154871","0","+40.7288609","-073.8540811",,,,8.88003,8.09031
"36","081","071305","36081071305","713.05",Census Tract 713.05,G5020,S,"135001","0","+40.7241863","-073.8514774",,,,37.01363,8.05125
"36","081","044302","36081044302","443.02",Census Tract 443.02,G5020,S,"277970","0","+40.7398122","-073.8640628",,,,21.15667,1.56682
"36","081","071303","36081071303","713.03",Census Tract 713.03,G5020,S,"140646","0","+40.7258100","-073.8495395",,,,23.63360,7.15158
"36","081","093402","36081093402","934.02",Census Tract 934.02,G5020,S,"394743","460266","+40.5756304","-073.8402862",,,,2.11628,3.81397
"36","081","075702","36081075702","757.02",Census Tract 757.02,G5020,S,"352706","0","+40.7243375","-073.8401994",,,,1.55249,4.96770
"36","081","099900","36081099900","999",Census Tract 999,G5020,S,"648383","0","+40.7916054","-073.7767241",114.000000,73.000000,59313.000000,,
"36","081","033100","36081033100","331",Census Tract 331,G5020,S,"2837110","2193944","+40.7749300","-073.8737580",,,,1.04354,2.18439
"36","081","006201","36081006201","62.01",Census Tract 62.01,G5020,S,"402908","0","+40.6667964","-073.8467863",,,,0.02447,1.43743
"36","081","098700","36081098700","987",Census Tract 987,G5020,S,"667301","731613","+40.7953927","-073.8068620",,,,0.22270,2.30690
"36","081","099100","36081099100","991",Census Tract 991,G5020,S,"1081249","432743","+40.7919649","-073.7988773",,,,,0.19905
"36","081","097300","36081097300","973",Census Tract 973,G5020,S,"528721","191606","+40.7949673","-073.8235370",183.000000,39.000000,89392.000000,1.13980,0.12936
"36","081","067100","36081067100","671",Census Tract 671,G5020,S,"229104","0","+40.7244752","-073.8781025",,,,0.67865,1.13633
"36","081","098100","36081098100","981",Census Tract 981,G5020,S,"650601","922899","+40.7982603","-073.8158489",,,,1.11323,1.06977
"36","081","094500","36081094500","945",Census Tract 945,G5020,S,"1518736","872808","+40.7927540","-073.8288779",179.000000,33.000000,195247.000000,0.37874,1.22063
"36","081","094700","36081094700","947",Census Tract 947,G5020,S,"272641","0","+40.7855766","-073.8413716",,,,7.29641,6.78084
"36","081","093900","36081093900","939",Census Tract 939,G5020,S,"656191","881592","+40.7985915","-073.8428394",,,,5.39839,0.01974
"36","081","101700","36081101700","1017",Census Tract 1017,G5020,S,"987636","0","+40.7797657","-073.7982495",,,,0.52692,3.29832
"36","081","061301","36081061301","613.01",Census Tract 613.01,G5020,S,"712703","0","+40.7089649","-073.8931848",,,,43.10422,5.18777
"36","081","072300","36081072300","723",Census Tract 723,G5020,S,"470056","0","+40.7162398","-073.8477440",,,,1.07217,9.56401
"36","081","065703","36081065703","657.03",Census Tract 657.03,G5020,S,"268451","0","+40.7151186","-073.8752977",289.000000,33.000000,154392.000000,5.94960,3.50441
"36","081","074900","36081074900","749",Census Tract 749,G5020,S,"359060","0","+40.7132499","-073.8400754",,,,0.17080,1.40340
"36","081","006202","36081006202","62.02",Census Tract 62.02,G5020,S,"1152998","42795","+40.6648771","-073.8544070",,,,0.45482,1.04705
"36","081","010500","36081010500","105",Census Tract 105,G5020,S,"198021","0","+40.7827906","-073.9129484",232.000000,57.000000,126329.000000,9.17826,2.70952
"36","081","010701","36081010701","107.01",Census Tract 107.01,G5020,S,"1600761","1367482","+40.7852880","-073.9056759",,,,0.65134,0.13361
"36","081","010300","36081010300","103",Census Tract 103,G5020,S,"250464","0","+40.7810600","-073.9150773",,,,9.33841,4.37751
"36","081","028400","36081028400","284",Census Tract 284,G5020,S,"429455","0","+40.6825033","-073.7778568",,,,126.27497,1.35720
"36","081","028100","36081028100","281",Census Tract 281,G5020,S,"174444","0","+40.7522203","-073.8825920",24.000000,33.000000,175128.000000,21.72555,23.84587
"36","081","028200","36081028200","282",Census Tract 282,G5020,S,"182472","0","+40.6849947","-073.7738873",,,,44.36221,0.79639
"36","081","027900","36081027900","279",Census Tract 279,G5020,S,"177155","0","+40.7516729","-073.8802222",,,,33.90620,22.03018
"36","081","028000","36081028000","280",Census Tract 280,G5020,S,"165398","0","+40.6883158","-073.7797191",,,,6.94830,0.67120
"36","081","027300","36081027300","273",Census Tract 273,G5020,S,"215251","0","+40.7521977","-073.8727731",,,,55.09877,15.74359
"36","081","027400","36081027400","274",Census Tract 274,G5020,S,"143723","0","+40.6849050","-073.7889890",,,,8.45112,1.56895
"36","081","027100","36081027100","271",Census Tract 271,G5020,S,"138854","0","+40.7452120","-073.8794868",,,,28.79233,16.13709
"36","081","027200","36081027200","272",Census Tract 272,G5020,S,"153675","0","+40.6835772","-073.7913201",,,,7.52550,1.98041
"36","081","027800","36081027800","278",Census Tract 278,G5020,S,"175380","0","+40.6860961","-073.7829164",,,,10.22199,0.30463
"36","081","027000","36081027000","270",Census Tract 270,G5020,S,"185068","0","+40.6886843","-073.7913977",,,,8.84521,1.86953
"36","081","103202","36081103202","1032.02",Census Tract 1032.02,G5020,S,"712534","0","+40.6066523","-073.7475330",88.000000,44.000000,181787.000000,51.13868,0.67717
"36","081","104700","36081104700","1047",Census Tract 1047,G5020,S,"841801","0","+40.7748158","-073.8203709",,,,1.10708,1.55447
"36","081","026600","36081026600","266",Census Tract 266,G5020,S,"172997","0","+40.6918812","-073.7816949",,,,3.05661,0.26907
"36","081","103201","36081103201","1032.01",Census Tract 1032.01,G5020,S,"400183","28173","+40.6089555","-073.7554305",,,,12.41891,1.57794
"36","081","026300","36081026300","263",Census Tract 263,G5020,S,"196984","0","+40.7456642","-073.8971220",,,,12.56770,18.82585
"36","081","026500","36081026500","265",Census Tract 265,G5020,S,"188404","0","+40.7450972","-073.8933942",,,,17.37493,24.65160
"36","081","026000","36081026000","260",Census Tract 260,G5020,S,"178376","0","+40.6927524","-073.7933078",,,,10.44954,1.14544
"36","081","026200","36081026200","262",Census Tract 262,G5020,S,"143393","0","+40.6910079","-073.7920924",,,,9.10276,1.27099
"36","081","100801","36081100801","1008.01",Census Tract 1008.01,G5020,S,"644973","339805","+40.6113410","-073.7661007",,,,1.31807,
"36","081","025800","36081025800","258",Census Tract 258,G5020,S,"211843","0","+40.6960420","-073.7872795",,,,8.36039,1.30082
"36","081","105900","36081105900","1059",Census Tract 1059,G5020,S,"649579","0","+40.7737697","-073.8070648",12.000000,52.000000,5618.000000,0.25013,0.29237
"36","081","097204","36081097204","972.04",Census Tract 972.04,G5020,S,"391826","0","+40.5939070","-073.7811283",,,,9.01011,0.82914
"36","081","024000","36081024000","240",Census Tract 240,G5020,S,"269563","0","+40.7032775","-073.8050793",,,,22.89724,7.87383
"36","081","077908","36081077908","779.08",Census Tract 779.08,G5020,S,"200497","0","+40.7256168","-073.8136929",,,,33.61816,1.79247
"36","081","044602","36081044602","446.02",Census Tract 446.02,G5020,S,"170076","0","+40.7081869","-073.7998476",,,,33.62104,2.91172
"36","081","069500","36081069500","695",Census Tract 695,G5020,S,"213219","0","+40.7260562","-073.8675083",,,,1.98351,8.07369
"36","081","077907","36081077907","779.07",Census Tract 779.07,G5020,S,"216834","0","+40.7249623","-073.8184802",,,,3.79532,1.36882
"36","081","045400","36081045400","454",Census Tract 454,G5020,S,"230996","0","+40.7126504","-073.7960120",,,,16.65022,1.68331
"36","081","069701","36081069701","697.01",Census Tract 697.01,G5020,S,"132473","0","+40.7268771","-073.8602046",,,,6.47274,8.66845
"36","081","045600","36081045600","456",Census Tract 456,G5020,S,"162232","0","+40.7166298","-073.7939898",,,,1.84907,1.18421
"36","081","099704","36081099704","997.04",Census Tract 997.04,G5020,S,"675916","0","+40.7817296","-073.7806843",,,,0.67724,2.48164
"36","081","069300","36081069300","693",Census Tract 693,G5020,S,"142998","0","+40.7288894","-073.8632273",,,,5.51117,11.30311
"36","081","043400","36081043400","434",Census Tract 434,G5020,S,"205351","0","+40.6961991","-073.7786464",,,,2.16185,0.45870
"36","081","099705","36081099705","997.05",Census Tract 997.05,G5020,S,"440081","4538936","+40.7950060","-073.7748800",,,,0.52119,0.74096
"36","081","068700","36081068700","687",Census Tract 687,G5020,S,"278500","0","+40.7303105","-073.8692955",,,,3.77850,6.80349
"36","081","045000","36081045000","450",Census Tract 450,G5020,S,"172164","0","+40.7141840","-073.8047700",,,,5.83318,0.86857
"36","081","066300","36081066300","663",Census Tract 663,G5020,S,"524960","0","+40.7211190","-073.8773457",,,,0.32165,1.00543
"36","081","041500","36081041500","415",Census Tract 415,G5020,S,"170942","0","+40.7466051","-073.8565990",,,,15.82809,6.84853
"36","081","099703","36081099703","997.03",Census Tract 997.03,G5020,S,"576606","0","+40.7829752","-073.7747051",,,,0.04102,2.30737
"36","081","066501","36081066501","665.01",Census Tract 665.01,G5020,S,"328021","0","+40.7193457","-073.8873568",,,,4.65358,0.27697
"36","081","042700","36081042700","427",Census Tract 427,G5020,S,"170556","0","+40.7437159","-073.8538128",216.000000,73.000000,147244.000000,14.37035,3.29342
"36","081","067700","36081067700","677",Census Tract 677,G5020,S,"185953","0","+40.7191106","-073.8724306",,,,0.60062,2.91731
"36","081","041100","36081041100","411",Census Tract 411,G5020,S,"137681","0","+40.7437912","-073.8654188",,,,82.32330,3.44455
"36","081","055700","36081055700","557",Census Tract 557,G5020,S,"238756","0","+40.6986893","-073.8983148",277.000000,48.000000,135806.000000,19.74049,7.83706
"36","081","041400","36081041400","414",Census Tract 414,G5020,S,"473215","0","+40.6996318","-073.7807705",,,,5.90869,1.10012
"36","081","057700","36081057700","577",Census Tract 577,G5020,S,"186600","0","+40.7003929","-073.8907145",134.000000,39.000000,179271.000000,47.83489,5.13756
"36","081","040500","36081040500","405",Census Tract 405,G5020,S,"129469","0","+40.7482730","-073.8615900",,,,35.43562,13.62338
"36","081","056700","36081056700","567",Census Tract 567,G5020,S,"313429","0","+40.6968663","-073.8921828",,,,4.85202,2.77050
"36","081","040700","36081040700","407",Census Tract 407,G5020,S,"199521","0","+40.7503823","-073.8656140",,,,41.90821,14.62556
"36","081","055500","36081055500","555",Census Tract 555,G5020,S,"153716","0","+40.6972245","-073.9032791",,,,16.37482,9.86480
"36","081","040200","36081040200","402",Census Tract 402,G5020,S,"218312","0","+40.7000316","-073.7687630",,,,1.44525,0.63381
"36","081","055900","36081055900","559",Census Tract 559,G5020,S,"158575","0","+40.6944037","-073.9017315",,,,7.88907,5.97832
"36","081","040400","36081040400","404",Census Tract 404,G5020,S,"479414","0","+40.7051937","-073.7707937",,,,3.95288,0.89377
"36","081","056100","36081056100","561",Census Tract 561,G5020,S,"2829081","82983","+40.6924618","-073.8852171",,,,0.00271,0.03734
"36","081","039800","36081039800","398",Census Tract 398,G5020,S,"200591","0","+40.6945622","-073.7648097",,,,7.86480,2.09803
"36","081","048500","36081048500","485",Census Tract 485,G5020,S,"317281","0","+40.7397517","-073.8843383",,,,12.22754,6.91027
"36","081","040100","36081040100","401",Census Tract 401,G5020,S,"211990","0","+40.7514683","-073.8570959",299.000000,64.000000,35151.000000,30.16025,11.49013
"36","081","048900","36081048900","489",Census Tract 489,G5020,S,"362006","0","+40.7373155","-073.8921827",86.000000,58.000000,99884.000000,4.77572,0.41339
"36","081","033900","36081033900","339",Census Tract 339,G5020,S,"150839","0","+40.7590238","-073.8798383",,,,74.93030,11.93724
"36","081","065900","36081065900","659",Census Tract 659,G5020,S,"193751","0","+40.7155449","-073.8824808",,,,2.62714,1.39039
"36","081","039400","36081039400","394",Census Tract 394,G5020,S,"348243","0","+40.6896398","-073.7587786",,,,12.87760,1.47734
"36","081","047900","36081047900","479",Census Tract 479,G5020,S,"392476","0","+40.7354855","-073.8837114",213.000000,28.000000,50861.000000,3.06710,4.04647
"36","081","032900","36081032900","329",Census Tract 329,G5020,S,"436914","0","+40.7644351","-073.8827319",,,,8.12659,1.65817
"36","081","089200","36081089200","892",Census Tract 892,G5020,S,"2874373","505629","+40.6522124","-073.8473336",276.000000,68.000000,158556.000000,0.08386,0.52918
"36","081","033402","36081033402","334.02",Census Tract 334.02,G5020,S,"757765","0","+40.6752752","-073.7718092",221.000000,28.000000,32503.000000,36.49223,0.63592
"36","081","065702","36081065702","657.02",Census Tract 657.02,G5020,S,"144106","0","+40.7133356","-073.8829609",,,,2.97663,1.85632
"36","081","032000","36081032000","320",Census Tract 320,G5020,S,"1040173","13031","+40.6612148","-073.7652124",,,,2.41733,0.13421
"36","081","088400","36081088400","884",Census Tract 884,G5020,S,"1557917","621618","+40.6557283","-073.8337070",261.000000,61.666667,127558.000000,0.22580,4.47162
"36","081","032800","36081032800","328",Census Tract 328,G5020,S,"368019","0","+40.6718373","-073.7556979",,,,1.81977,0.02295
"36","081","056500","36081056500","565",Census Tract 565,G5020,S,"117784","0","+40.6942629","-073.8968742",101.000000,64.000000,184640.000000,6.81621,3.59622
"36","081","030902","36081030902","309.02",Census Tract 309.02,G5020,S,"410707","0","+40.7580597","-073.8961589",,,,5.97240,4.77300
"36","081","063500","36081063500","635",Census Tract 635,G5020,S,"189460","0","+40.7047392","-073.8669609",,,,4.17452,2.13596
"36","081","031700","36081031700","317",Census Tract 317,G5020,S,"767638","0","+40.7709218","-073.8930421",,,,1.01566,1.75706
"36","081","099701","36081099701","997.01",Census Tract 997.01,G5020,S,"978866","0","+40.7809357","-073.7899124",,,,0.15110,0.97711
"36","081","086400","36081086400","864",Census Tract 864,G5020,S,"1120710","0","+40.6733398","-073.8315832",10.000000,37.000000,38151.000000,1.02207,0.69429
"36","081","028900","36081028900","289",Census Tract 289,G5020,S,"172620","0","+40.7512785","-073.8919022",,,,15.40600,18.33389
"36","081","092900","36081092900","929",Census Tract 929,G5020,S,"956919","2446820","+40.7894348","-073.8597684",,,,4.00986,1.25508
"36","081","063301","36081063301","633.01",Census Tract 633.01,G5020,S,"134735","0","+40.7044837","-073.8745715",,,,5.75846,1.53432
"36","081","033000","36081033000","330",Census Tract 330,G5020,S,"817316","0","+40.6701348","-073.7637361",289.000000,49.000000,8755.000000,1.62399,0.05489
"36","081","063302","36081063302","633.02",Census Tract 633.02,G5020,S,"138739","0","+40.7053937","-073.8714054",,,,6.97289,1.76686
"36","081","028700","36081028700","287",Census Tract 287,G5020,S,"195625","0","+40.7509654","-073.8894359",,,,16.50537,23.91171
"36","081","092500","36081092500","925",Census Tract 925,G5020,S,"312425","0","+40.7824818","-073.8447680",,,,8.65443,8.00238
"36","081","064101","36081064101","641.01",Census Tract 641.01,G5020,S,"82907","0","+40.6991702","-073.8516668",,,,5.23113,1.34170
"36","081","028800","36081028800","288",Census Tract 288,G5020,S,"711115","106288","+40.6786338","-073.7830418",,,,3.87576,0.64072
"36","081","064500","36081064500","645",Census Tract 645,G5020,S,"309592","0","+40.7091221","-073.8522500",,,,1.89728,7.74191
"36","081","029300","36081029300","293",Census Tract 293,G5020,S,"151334","0","+40.7519327","-073.8994830",,,,7.39408,8.58023
"36","081","063700","36081063700","637",Census Tract 637,G5020,S,"695127","0","+40.7083600","-073.8622857",74.000000,32.000000,114084.000000,3.23076,3.37993
"36","081","029900","36081029900","299",Census Tract 299,G5020,S,"408255","0","+40.7639881","-073.8993984",,,,1.64608,0.72933
"36","081","063900","36081063900","639",Census Tract 639,G5020,S,"251775","0","+40.7038953","-073.8569266",,,,2.43148,1.81942
"36","081","114100","36081114100","1141",Census Tract 1141,G5020,S,"448090","0","+40.7690969","-073.7966895",,,,2.13085,2.65349
"36","081","062900","36081062900","629",Census Tract 629,G5020,S,"183530","0","+40.7009309","-073.8829632",,,,5.88818,4.22577
"36","081","029100","36081029100","291",Census Tract 291,G5020,S,"261476","0","+40.7513358","-073.8951993",,,,14.21931,14.77956
"36","081","064102","36081064102","641.02",Census Tract 641.02,G5020,S,"2227924","0","+40.7020705","-073.8534862",96.000000,71.000000,112729.000000,3.65313,1.19236
"36","081","112900","36081112900","1129",Census Tract 1129,G5020,S,"354968","0","+40.7654009","-073.7768169",,,,1.63153,10.44306
"36","081","062100","36081062100","621",Census Tract 621,G5020,S,"258272","0","+40.7100147","-073.8726646",,,,10.49879,3.01479
"36","081","113900","36081113900","1139",Census Tract 1139,G5020,S,"383381","0","+40.7642305","-073.7906266",,,,2.11256,2.93202
"36","081","062700","36081062700","627",Census Tract 627,G5020,S,"157306","0","+40.7037717","-073.8864539",,,,28.93853,3.50312
"36","081","112300","36081112300","1123",Census Tract 1123,G5020,S,"279273","0","+40.7662920","-073.7712453",,,,5.76510,19.13995
"36","081","080900","36081080900","809",Census Tract 809,G5020,S,"1004959","0","+40.7338814","-073.8223557",,,,2.17070,0.98192
"36","081","109700","36081109700","1097",Census Tract 1097,G5020,S,"445149","0","+40.7703466","-073.7773131",,,,1.47592,2.52744
"36","081","061900","36081061900","619",Census Tract 619,G5020,S,"257858","0","+40.7097907","-073.8770975",,,,9.39526,2.53539
"36","081","096400","36081096400","964",Census Tract 964,G5020,S,"862705","586619","+40.5925505","-073.7918429",39.000000,33.000000,65486.000000,21.42570,0.94806
"36","081","050700","36081050700","507",Census Tract 507,G5020,S,"372217","0","+40.7270209","-073.8815871",,,,0.87965,0.80473
"36","081","099200","36081099200","992",Census Tract 992,G5020,S,"581564","324488","+40.5938729","-073.7677462",,,,9.03749,0.34412
"36","081","051300","36081051300","513",Census Tract 513,G5020,S,"193535","0","+40.7318897","-073.8975137",,,,10.45027,4.27914
"36","081","119100","36081119100","1191",Census Tract 1191,G5020,S,"217684","0","+40.7566650","-073.8065111",,,,3.14667,4.75198
"36","081","052100","36081052100","521",Census Tract 521,G5020,S,"190269","0","+40.7208648","-073.9015157",,,,2.78131,4.26952
"36","081","109900","36081109900","1099",Census Tract 1099,G5020,S,"378701","0","+40.7679453","-073.7864943",267.000000,37.000000,143794.000000,3.14216,3.16206
"36","081","050500","36081050500","505",Census Tract 505,G5020,S,"116113","0","+40.7290799","-073.8747522",,,,0.43365,2.54484
"36","081","117500","36081117500","1175",Census Tract 1175,G5020,S,"562493","0","+40.7614714","-073.7964295",,,,0.55941,6.58087
"36","081","060701","36081060701","607.01",Census Tract 607.01,G5020,S,"712989","0","+40.7172559","-073.8939758",290.000000,82.000000,187443.000000,1.81647,0.98281
"36","081","118100","36081118100","1181",Census Tract 1181,G5020,S,"195225","0","+40.7594996","-073.7873594",,,,1.24886,5.39244
"36","081","051500","36081051500","515",Census Tract 515,G5020,S,"224365","0","+40.7309757","-073.9014977",,,,8.13136,3.81378
"36","081","116100","36081116100","1161",Census Tract 1161,G5020,S,"175694","0","+40.7668601","-073.8256989",,,,48.50534,6.04102
"36","081","060100","36081060100","601",Census Tract 601,G5020,S,"154428","0","+40.7152135","-073.9024125",,,,2.31891,5.51828
"36","081","116700","36081116700","1167",Census Tract 1167,G5020,S,"166109","0","+40.7621734","-073.8124434",,,,9.39083,11.31930
"36","081","059900","36081059900","599",Census Tract 599,G5020,S,"127081","0","+40.7172449","-073.9021320",,,,2.37092,5.18971
"36","081","094203","36081094203","942.03",Census Tract 942.03,G5020,S,"509892","1050429","+40.5808043","-073.8104280",,,,14.99145,1.69384
"36","081","049700","36081049700","497",Census Tract 497,G5020,S,"197571","0","+40.7317510","-073.8903723",,,,6.41199,2.25234
"36","081","117100","36081117100","1171",Census Tract 1171,G5020,S,"397540","0","+40.7632564","-073.8057125",,,,3.59505,20.23548
"36","081","049900","36081049900","499",Census Tract 499,G5020,S,"462388","0","+40.7311285","-073.8833525",183.000000,46.000000,76183.000000,1.22035,1.44316
"36","081","094201","36081094201","942.01",Census Tract 942.01,G5020,S,"347514","199843","+40.5857865","-073.8213404",,,,34.84938,2.63737
"36","081","049301","36081049301","493.01",Census Tract 493.01,G5020,S,"164136","0","+40.7323708","-073.8942499",,,,8.78050,2.63822
"36","081","094202","36081094202","942.02",Census Tract 942.02,G5020,S,"713772","458004","+40.5913939","-073.8105575",,,,8.43821,1.83954
"36","081","049302","36081049302","493.02",Census Tract 493.02,G5020,S,"275109","0","+40.7278550","-073.8918030",,,,6.42237,5.78304
"36","081","101002","36081101002","1010.02",Census Tract 1010.02,G5020,S,"556508","113552","+40.5986579","-073.7412531",,,,2.57715,
"36","081","092200","36081092200","922",Census Tract 922,G5020,S,"633290","700664","+40.5732499","-073.8598028",,,,,
"36","081","115500","36081115500","1155",Census Tract 1155,G5020,S,"187009","0","+40.7678382","-073.8117913",,,,3.77826,4.68932
"36","081","093800","36081093800","938",Census Tract 938,G5020,S,"809668","1300951","+40.5797628","-073.8293271",113.000000,34.000000,187328.000000,4.54761,0.97054
"36","081","134700","36081134700","1347",Census Tract 1347,G5020,S,"1078957","0","+40.7379558","-073.7811198",,,,1.56195,1.12369
"36","081","091800","36081091800","918",Census Tract 918,G5020,S,"1126858","2293626","+40.5685017","-073.8719915",126.000000,45.000000,97090.000000,,
"36","081","136700","36081136700","1367",Census Tract 1367,G5020,S,"772177","0","+40.7442043","-073.7603110",167.000000,62.000000,113710.000000,1.76238,0.69580
"36","081","049500","36081049500","495",Census Tract 495,G5020,S,"123282","0","+40.7253841","-073.8904103",,,,5.60220,4.17831
"36","081","133300","36081133300","1333",Census Tract 1333,G5020,S,"695376","0","+40.7319191","-073.7792730",,,,3.44095,1.35107
"36","081","091601","36081091601","916.01",Census Tract 916.01,G5020,S,"4374026","4924631","+40.5585161","-073.9175334",209.000000,42.000000,68262.500000,,
"36","081","134100","36081134100","1341",Census Tract 1341,G5020,S,"592973","0","+40.7352944","-073.7911783",,,,0.48197,0.89430
"36","081","092800","36081092800","928",Census Tract 928,G5020,S,"762718","897590","+40.5731798","-073.8518167",109.000000,25.000000,157409.000000,,0.80183
"36","081","120300","36081120300","1203",Census Tract 1203,G5020,S,"184012","0","+40.7487999","-073.8125809",,,,4.30418,0.02718
"36","081","013000","36081013000","130",Census Tract 130,G5020,S,"187692","0","+40.7003482","-073.8378392",,,,41.31873,3.04168
"36","081","103300","36081103300","1033",Census Tract 1033,G5020,S,"606048","0","+40.7791778","-073.8096597",245.000000,51.000000,86276.000000,0.55088,0.83531
"36","081","068300","36081068300","683",Census Tract 683,G5020,S,"244391","0","+40.7349758","-073.8690861",,,,11.96916,6.47430
"36","081","056600","36081056600","566",Census Tract 566,G5020,S,"194134","0","+40.7197386","-073.7384034",,,,8.87633,2.06185
"36","081","004401","36081004401","44.01",Census Tract 44.01,G5020,S,"258228","0","+40.6771469","-073.8593945",,,,4.40105,
"36","081","115100","36081115100","1151",Census Tract 1151,G5020,S,"282637","13939","+40.7690541","-073.8079843",,,,1.22083,2.13631
"36","081","074100","36081074100","741",Census Tract 741,G5020,S,"172198","0","+40.7282813","-073.8470444",,,,2.78030,3.12569
"36","081","128300","36081128300","1283",Census Tract 1283,G5020,S,"1971930","0","+40.7339687","-073.7687946",,,,0.88144,
"36","081","058300","36081058300","583",Census Tract 583,G5020,S,"143113","0","+40.7019380","-073.8976203",,,,69.60821,9.36120
"36","081","130100","36081130100","1301",Census Tract 1301,G5020,S,"698698","0","+40.7335029","-073.7397763",,,,2.12382,1.16632
"36","081","072100","36081072100","721",Census Tract 721,G5020,S,"170327","0","+40.7311859","-073.8537376",,,,7.62767,6.38296
"36","081","079000","36081079000","790",Census Tract 790,G5020,S,"260592","0","+40.6724831","-073.7966161",,,,6.39843,1.83892
"36","081","012800","36081012800","128",Census Tract 128,G5020,S,"159250","0","+40.6982524","-073.8401182",,,,7.80249,3.48728
"36","081","126700","36081126700","1267",Census Tract 1267,G5020,S,"775341","0","+40.7202932","-073.7978290",,,,1.66064,0.93033
"36","081","000200","36081000200","2",Census Tract 2,G5020,S,"156595","0","+40.6932923","-073.8661578",,,,3.55784,4.01603
"36","081","125700","36081125700","1257",Census Tract 1257,G5020,S,"331894","0","+40.7241330","-073.8079345",,,,14.02234,2.73447
"36","081","045700","36081045700","457",Census Tract 457,G5020,S,"150517","0","+40.7377217","-073.8698383",,,,12.97687,4.64188
"36","081","126500","36081126500","1265",Census Tract 1265,G5020,S,"200793","0","+40.7204943","-073.8037061",,,,4.74844,2.49786
"36","081","062500","36081062500","625",Census Tract 625,G5020,S,"198779","0","+40.7041320","-073.8824139",,,,7.54166,3.23416
"36","081","122702","36081122702","1227.02",Census Tract 1227.02,G5020,S,"449736","0","+40.7331478","-073.8127448",,,,44.42476,1.59150
"36","081","011400","36081011400","114",Census Tract 114,G5020,S,"119157","0","+40.6879308","-073.8418285",,,,25.46011,2.89797
"36","081","124100","36081124100","1241",Census Tract 1241,G5020,S,"499010","0","+40.7267987","-073.8024148",,,,2.11952,0.56248
"36","081","004002","36081004002","40.02",Census Tract 40.02,G5020,S,"130914","0","+40.6815294","-073.8429597",,,,88.33824,7.29572
"36","081","122300","36081122300","1223",Census Tract 1223,G5020,S,"495705","0","+40.7349769","-073.7994552",,,,0.45452,1.07662
"36","081","003200","36081003200","32",Census Tract 32,G5020,S,"161964","0","+40.6873154","-073.8467670",,,,7.29391,3.01000
"36","081","122701","36081122701","1227.01",Census Tract 1227.01,G5020,S,"701330","0","+40.7333239","-073.8070945",,,,28.09636,2.00419
"36","081","066900","36081066900","669",Census Tract 669,G5020,S,"160095","0","+40.7235670","-073.8859216",,,,4.70571,0.22377
"36","081","120700","36081120700","1207",Census Tract 1207,G5020,S,"704083","0","+40.7507268","-073.8008894",,,,0.62670,0.42403
"36","081","002800","36081002800","28",Census Tract 28,G5020,S,"225043","0","+40.6923881","-073.8443722",,,,11.75938,4.95722
"36","081","121500","36081121500","1215",Census Tract 1215,G5020,S,"631660","0","+40.7403642","-073.8059322",193.000000,76.000000,182507.000000,1.47451,1.08498
"36","081","003000","36081003000","30",Census Tract 30,G5020,S,"112790","0","+40.6916415","-073.8472679",,,,10.45831,4.43938
"36","081","119900","36081119900","1199",Census Tract 1199,G5020,S,"184357","0","+40.7534621","-073.8095776",,,,2.06000,1.06169
"36","081","002400","36081002400","24",Census Tract 24,G5020,S,"141901","0","+40.6971881","-073.8465756",,,,4.89008,4.12347
"36","081","120500","36081120500","1205",Census Tract 1205,G5020,S,"202234","0","+40.7512742","-073.8171091",,,,5.82598,1.14467
"36","081","002600","36081002600","26",Census Tract 26,G5020,S,"148030","0","+40.6972603","-073.8430922",,,,5.53357,4.55037
"36","081","119500","36081119500","1195",Census Tract 1195,G5020,S,"189356","0","+40.7548673","-073.7994710",,,,0.79030,2.48737
"36","081","001200","36081001200","12",Census Tract 12,G5020,S,"227157","0","+40.6942784","-073.8608412",,,,5.28307,5.41451
"36","081","119300","36081119300","1193",Census Tract 1193,G5020,S,"211094","0","+40.7571846","-073.7996267",,,,0.49756,6.48438
"36","081","001800","36081001800","18",Census Tract 18,G5020,S,"177489","0","+40.6902800","-073.8520154",,,,10.67084,4.81011
"36","081","048200","36081048200","482",Census Tract 482,G5020,S,"228378","0","+40.7148351","-073.7679226",,,,4.94596,0.97126
"36","081","000800","36081000800","8",Census Tract 8,G5020,S,"189824","0","+40.6873473","-073.8582587",,,,6.26191,3.14402
"36","081","048400","36081048400","484",Census Tract 484,G5020,S,"414677","0","+40.7158173","-073.7599374",,,,5.42133,1.46855
"36","081","002200","36081002200","22",Census Tract 22,G5020,S,"147490","0","+40.6959777","-073.8505707",,,,6.95129,4.29542
"36","081","162100","36081162100","1621",Census Tract 1621,G5020,S,"710238","0","+40.7284264","-073.7297088",,,,52.18773,0.89510
"36","081","000400","36081000400","4",Census Tract 4,G5020,S,"224878","0","+40.6896831","-073.8647717",,,,4.83872,4.52827
"36","081","037900","36081037900","379",Census Tract 379,G5020,S,"197067","0","+40.7554736","-073.8640843",87.000000,58.000000,89784.000000,32.23576,7.60002
"36","081","000600","36081000600","6",Census Tract 6,G5020,S,"214286","0","+40.6859083","-073.8637277",164.000000,56.000000,122031.000000,3.46298,2.44370
"36","081","157902","36081157902","1579.02",Census Tract 1579.02,G5020,S,"722590","0","+40.7415838","-073.7119991",,,,1.19167,1.62303
"36","081","001600","36081001600","16",Census Tract 16,G5020,S,"151499","0","+40.6897177","-073.8548395",71.000000,63.000000,84654.000000,10.79718,4.78939
"36","081","161700","36081161700","1617",Census Tract 1617,G5020,S,"706697","0","+40.7288095","-073.7175899",,,,0.82217,1.42847
"36","081","001000","36081001000","10",Census Tract 10,G5020,S,"161256","0","+40.6907493","-073.8592987",,,,7.79365,6.47377
"36","081","157101","36081157101","1571.01",Census Tract 1571.01,G5020,S,"1225445","0","+40.7385002","-073.7195555",111.000000,32.000000,14146.000000,0.53111,1.47756
"36","081","076901","36081076901","769.01",Census Tract 769.01,G5020,S,"181026","0","+40.7164575","-073.8375688",,,,0.65059,5.53018
"36","081","157901","36081157901","1579.01",Census Tract 1579.01,G5020,S,"913547","0","+40.7447240","-073.7045820",,,,0.33803,0.71642
"36","081","065501","36081065501","655.01",Census Tract 655.01,G5020,S,"812085","0","+40.7147523","-073.8666471",,,,1.75317,1.07868
"36","081","155102","36081155102","1551.02",Census Tract 1551.02,G5020,S,"1441405","0","+40.7511720","-073.7151103",,,,1.28078,0.72984
"36","081","066701","36081066701","667.01",Census Tract 667.01,G5020,S,"252628","0","+40.7218220","-073.8913365",,,,5.71298,1.71762
"36","081","157903","36081157903","1579.03",Census Tract 1579.03,G5020,S,"686014","0","+40.7337950","-073.7075635",,,,0.59596,1.08979
"36","081","070300","36081070300","703",Census Tract 703,G5020,S,"241047","0","+40.7162794","-073.8593568",,,,0.71565,1.19058
"36","081","152902","36081152902","1529.02",Census Tract 1529.02,G5020,S,"1038708","0","+40.7593367","-073.7239893",91.000000,33.000000,18240.000000,0.62569,0.29905
"36","081","012601","36081012601","126.01",Census Tract 126.01,G5020,S,"150189","0","+40.6936535","-073.8374117",,,,12.67771,3.90896
"36","081","155101","36081155101","1551.01",Census Tract 1551.01,G5020,S,"475148","0","+40.7566433","-073.7142398",104.000000,56.000000,123408.000000,0.06361,0.64852
"36","081","060300","36081060300","603",Census Tract 603,G5020,S,"181368","0","+40.7139219","-073.8990012",,,,2.69025,5.05592
"36","081","150702","36081150702","1507.02",Census Tract 1507.02,G5020,S,"857353","0","+40.7664167","-073.7307217",,,,0.89035,1.46731
"36","081","071900","36081071900","719",Census Tract 719,G5020,S,"165953","0","+40.7346875","-073.8556228",,,,10.32248,4.16343
"36","081","152901","36081152901","1529.01",Census Tract 1529.01,G5020,S,"1399259","0","+40.7523301","-073.7336543",,,,0.74937,0.29778
"36","081","001400","36081001400","14",Census Tract 14,G5020,S,"213714","0","+40.6950787","-073.8552500",,,,9.36931,5.30337
"36","081","079900","36081079900","799",Census Tract 799,G5020,S,"287107","0","+40.7469887","-073.8273758",,,,4.68685,0.87517
"36","081","045900","36081045900","459",Census Tract 459,G5020,S,"136886","0","+40.7398775","-073.8706805",,,,39.28527,3.07071
"36","081","156700","36081156700","1567",Census Tract 1567,G5020,S,"1469691","0","+40.7405076","-073.7297159",,,,2.23878,0.10689
"36","081","005200","36081005200","52",Census Tract 52,G5020,S,"130613","0","+40.6807593","-073.8546644",,,,5.70043,1.31579
"36","081","077905","36081077905","779.05",Census Tract 779.05,G5020,S,"275241","0","+40.7173272","-073.8129626",153.000000,62.000000,139707.000000,2.39181,3.32371
"36","081","067900","36081067900","679",Census Tract 679,G5020,S,"253611","0","+40.7241179","-073.8701838",,,,0.58431,6.74429
"36","081","079200","36081079200","792",Census Tract 792,G5020,S,"363822","0","+40.6689234","-073.7969557",,,,2.60805,0.24194
"36","081","062300","36081062300","623",Census Tract 623,G5020,S,"156656","0","+40.7043812","-073.8781847",290.000000,39.000000,144528.000000,5.34008,2.01755
"36","081","107201","36081107201","1072.01",Census Tract 1072.01,G5020,S,"1385932","0","+40.6037709","-073.8218663",,,,,0.80135
"36","081","058700","36081058700","587",Census Tract 587,G5020,S,"144531","0","+40.7071439","-073.9002784",,,,33.50000,11.32402
"36","081","074700","36081074700","747",Census Tract 747,G5020,S,"295509","0","+40.7326161","-073.8452064",,,,2.82443,1.38153
"36","081","002000","36081002000","20",Census Tract 20,G5020,S,"146397","0","+40.6913525","-073.8495160",,,,10.27915,4.76179
"36","081","070900","36081070900","709",Census Tract 709,G5020,S,"219537","0","+40.7192652","-073.8550205",,,,18.98529,2.71115
"36","081","011600","36081011600","116",Census Tract 116,G5020,S,"136941","0","+40.6887757","-073.8388054",,,,19.03608,3.51212
"36","081","009800","36081009800","98",Census Tract 98,G5020,S,"135751","0","+40.6854000","-073.8312082",,,,9.17531,10.78984
"36","081","058500","36081058500","585",Census Tract 585,G5020,S,"171163","0","+40.7043710","-073.8994203",,,,62.09747,12.20429
"36","081","009400","36081009400","94",Census Tract 94,G5020,S,"172430","0","+40.6814153","-073.8364868",,,,82.72335,6.50649
"36","081","009600","36081009600","96",Census Tract 96,G5020,S,"206470","0","+40.6809137","-073.8322684",,,,19.31184,6.10782
"36","081","008800","36081008800","88",Census Tract 88,G5020,S,"448520","0","+40.6707968","-073.8387752",190.500000,72.500000,141028.500000,2.40010,1.53641
"36","081","008600","36081008600","86",Census Tract 86,G5020,S,"332283","0","+40.6770880","-073.8411368",,,,29.42228,5.64032
"36","081","005800","36081005800","58",Census Tract 58,G5020,S,"590419","0","+40.6735448","-073.8486894",,,,2.12313,1.67499
"36","081","043702","36081043702","437.02",Census Tract 437.02,G5020,S,"175706","0","+40.7381096","-073.8565445",,,,19.72372,2.55457
"36","081","044301","36081044301","443.01",Census Tract 443.01,G5020,S,"133649","0","+40.7407369","-073.8594604",,,,24.11133,2.67499
"36","081","005400","36081005400","54",Census Tract 54,G5020,S,"416542","0","+40.6787493","-073.8487747",,,,5.08012,4.68492
"36","081","047500","36081047500","475",Census Tract 475,G5020,S,"281982","0","+40.7336372","-073.8756505",,,,3.26911,5.02915
"36","081","005000","36081005000","50",Census Tract 50,G5020,S,"157058","0","+40.6777208","-073.8549627",,,,4.99831,0.95883
"36","081","047300","36081047300","473",Census Tract 473,G5020,S,"198491","0","+40.7372204","-073.8762312",169.000000,82.000000,164000.000000,5.95156,6.25444
"36","081","047100","36081047100","471",Census Tract 471,G5020,S,"158097","0","+40.7409850","-073.8765640",,,,17.77150,4.85564
"36","081","025500","36081025500","255",Census Tract 255,G5020,S,"218248","0","+40.7504263","-073.9079200",,,,2.56349,4.87982
"36","081","025700","36081025700","257",Census Tract 257,G5020,S,"150587","0","+40.7501044","-073.9051748",199.000000,28.000000,181787.000000,2.96455,6.72867
"36","081","024900","36081024900","249",Census Tract 249,G5020,S,"204083","0","+40.7431151","-073.9042554",,,,11.89583,10.52950
"36","081","025100","36081025100","251",Census Tract 251,G5020,S,"245619","0","+40.7448223","-073.9096562",,,,11.67469,13.80391
"36","081","024500","36081024500","245",Census Tract 245,G5020,S,"257660","0","+40.7393540","-073.9050486",,,,6.70354,1.48533
"36","081","024300","36081024300","243",Census Tract 243,G5020,S,"540125","0","+40.7366667","-073.9020404",,,,8.89316,0.88957
"36","081","077902","36081077902","779.02",Census Tract 779.02,G5020,S,"559114","0","+40.7252734","-073.8248724",,,,1.49916,1.25466
"36","081","004300","36081004300","43",Census Tract 43,G5020,S,"170813","0","+40.7609451","-073.9375143",,,,13.04107,0.54519
"36","081","077903","36081077903","779.03",Census Tract 779.03,G5020,S,"263016","0","+40.7192243","-073.8216022",,,,1.48813,0.93375
"36","081","023500","36081023500","235",Census Tract 235,G5020,S,"255537","0","+40.7393490","-073.9175942",,,,5.70621,7.16513
"36","081","071600","36081071600","716",Census Tract 716,G5020,S,"18319107","904474","+40.6470241","-073.7869533",177.000000,65.000000,126957.000000,,2.65013
"36","081","003900","36081003900","39",Census Tract 39,G5020,S,"146970","0","+40.7627994","-073.9409316",,,,8.50389,0.19166
"36","081","078800","36081078800","788",Census Tract 788,G5020,S,"192534","0","+40.6703310","-073.7903645",,,,9.63217,0.70405
"36","081","003700","36081003700","37",Census Tract 37,G5020,S,"386629","14591","+40.7624148","-073.9434494",295.000000,52.000000,14029.000000,5.30952,0.00548
"36","081","030600","36081030600","306",Census Tract 306,G5020,S,"1351074","0","+40.6648771","-073.7803645",131.500000,47.500000,107892.000000,4.21833,0.84902
"36","081","015802","36081015802","158.02",Census Tract 158.02,G5020,S,"278405","0","+40.6875454","-073.8196360",,,,14.04832,9.37377
"36","081","062200","36081062200","622",Census Tract 622,G5020,S,"437270","0","+40.6919497","-073.7288802",,,,3.37079,
"36","081","079702","36081079702","797.02",Census Tract 797.02,G5020,S,"285450","0","+40.7513617","-073.8293898",,,,5.42100,3.59196
"36","081","127700","36081127700","1277",Census Tract 1277,G5020,S,"1069117","0","+40.7244088","-073.7834061",29.000000,58.000000,52189.000000,1.21931,1.13922
"36","081","042400","36081042400","424",Census Tract 424,G5020,S,"516440","0","+40.6953923","-073.7722684",,,,1.11034,0.12777
"36","081","019400","36081019400","194",Census Tract 194,G5020,S,"305897","0","+40.6859200","-073.8034759",,,,7.18059,0.01688
"36","081","095400","36081095400","954",Census Tract 954,G5020,S,"808825","559625","+40.5916392","-073.7993734",,,,15.59993,2.18277
"36","081","090700","36081090700","907",Census Tract 907,G5020,S,"2022039","332865","+40.7735390","-073.8387968",,,,0.50570,0.71290
"36","081","025400","36081025400","254",Census Tract 254,G5020,S,"632107","0","+40.6966713","-073.7944323",125.000000,22.000000,105353.000000,11.02267,1.78900
"36","081","077906","36081077906","779.06",Census Tract 779.06,G5020,S,"289075","0","+40.7293975","-073.8187620",,,,8.95284,1.90948
"36","081","058000","36081058000","580",Census Tract 580,G5020,S,"550452","0","+40.7072457","-073.7307152",,,,1.08377,0.60173
"36","081","023000","36081023000","230",Census Tract 230,G5020,S,"165801","0","+40.7126448","-073.8081463",33.000000,23.000000,138610.000000,5.77541,0.94725
"36","081","022001","36081022001","220.01",Census Tract 220.01,G5020,S,"395707","0","+40.7136237","-073.8206481",,,,3.23619,1.05377
"36","081","021400","36081021400","214",Census Tract 214,G5020,S,"380752","0","+40.7060668","-073.8152035",,,,3.52403,6.22642
"36","081","029700","36081029700","297",Census Tract 297,G5020,S,"519223","0","+40.7586830","-073.9030015",,,,1.35303,2.68811
"36","081","021600","36081021600","216",Census Tract 216,G5020,S,"642793","0","+40.7094582","-073.8236421",,,,2.60532,2.56440
"36","081","029500","36081029500","295",Census Tract 295,G5020,S,"182968","0","+40.7559980","-073.9067306",,,,2.16463,5.06589
"36","081","020800","36081020800","208",Census Tract 208,G5020,S,"543966","0","+40.6983846","-073.8068861",,,,16.41609,8.47431
"36","081","021200","36081021200","212",Census Tract 212,G5020,S,"239054","0","+40.7009098","-073.8116145",,,,15.18201,8.07395
"36","081","019000","36081019000","190",Census Tract 190,G5020,S,"188259","0","+40.6853862","-073.7952220",,,,9.52806,1.78690
"36","081","020600","36081020600","206",Census Tract 206,G5020,S,"148614","0","+40.6943396","-073.8092386",,,,8.18464,6.44961
"36","081","030903","36081030903","309.03",Census Tract 309.03,G5020,S,"351702","0","+40.7579485","-073.8900649",,,,8.81853,11.03083
"36","081","019600","36081019600","196",Census Tract 196,G5020,S,"222897","0","+40.6894694","-073.7999085",,,,9.60330,0.66260
"36","081","026902","36081026902","269.02",Census Tract 269.02,G5020,S,"78481","0","+40.7446146","-073.8829538",,,,30.26637,21.64040
"36","081","019200","36081019200","192",Census Tract 192,G5020,S,"201046","0","+40.6838157","-073.8006369",,,,8.14787,0.09521
"36","081","018600","36081018600","186",Census Tract 186,G5020,S,"180949","0","+40.6798776","-073.7989572",,,,6.19266,0.59649
"36","081","018800","36081018800","188",Census Tract 188,G5020,S,"178872","0","+40.6816256","-073.7998473",,,,7.22591,0.21229
"36","081","018401","36081018401","184.01",Census Tract 184.01,G5020,S,"190347","0","+40.6751913","-073.7922208",,,,7.96496,1.40550
"36","081","018402","36081018402","184.02",Census Tract 184.02,G5020,S,"212544","0","+40.6789478","-073.7943611",,,,6.13701,1.31621
"36","081","020400","36081020400","204",Census Tract 204,G5020,S,"286644","0","+40.6951701","-073.8034154",,,,11.03403,3.75352
"36","081","018200","36081018200","182",Census Tract 182,G5020,S,"260745","0","+40.6761566","-073.7991566",,,,7.04164,2.66913
"36","081","017600","36081017600","176",Census Tract 176,G5020,S,"189834","0","+40.6788250","-073.8097137",,,,8.00891,0.31666
"36","081","018000","36081018000","180",Census Tract 180,G5020,S,"138242","0","+40.6757857","-073.8054115",258.000000,75.000000,7678.000000,8.38058,2.66135
"36","081","017000","36081017000","170",Census Tract 170,G5020,S,"217461","0","+40.6843144","-073.8120017",,,,10.55730,1.17954
"36","081","017400","36081017400","174",Census Tract 174,G5020,S,"190574","0","+40.6805787","-073.8105518",,,,9.52491,0.55034
"36","081","016800","36081016800","168",Census Tract 168,G5020,S,"211385","0","+40.6793675","-073.8172334",,,,7.89906,3.09001
"36","081","017200","36081017200","172",Census Tract 172,G5020,S,"191064","0","+40.6823328","-073.8114011",,,,10.69696,0.80163
"36","081","014800","36081014800","148",Census Tract 148,G5020,S,"157056","0","+40.6945021","-073.8223729",,,,6.14785,4.57165
"36","081","020500","36081020500","205",Census Tract 205,G5020,S,"587633","0","+40.7303893","-073.9218036",69.000000,64.000000,168767.000000,1.55254,
"36","081","016600","36081016600","166",Census Tract 166,G5020,S,"202884","0","+40.6812765","-073.8207045",,,,10.58340,3.04189
"36","081","018102","36081018102","181.02",Census Tract 181.02,G5020,S,"96555","0","+40.7442918","-073.9222696",,,,11.12157,21.61126
"36","081","015200","36081015200","152",Census Tract 152,G5020,S,"185295","0","+40.6937454","-073.8137824",,,,6.09768,7.88997
"36","081","015600","36081015600","156",Census Tract 156,G5020,S,"209476","0","+40.6903444","-073.8206072",,,,10.67818,10.51384
"36","081","015400","36081015400","154",Census Tract 154,G5020,S,"150144","0","+40.6921955","-073.8205589",,,,7.26559,8.25669
"36","081","015000","36081015000","150",Census Tract 150,G5020,S,"147117","0","+40.6934064","-073.8211550",,,,6.13377,6.23317
"36","081","014000","36081014000","140",Census Tract 140,G5020,S,"222107","0","+40.7037257","-073.8290482",,,,38.47510,7.24426
"36","081","014202","36081014202","142.02",Census Tract 142.02,G5020,S,"618133","0","+40.6986663","-073.8203471",,,,7.93932,2.34106
"36","081","013600","36081013600","136",Census Tract 136,G5020,S,"151408","0","+40.7065970","-073.8286538",,,,2.06826,5.89154
"36","081","013800","36081013800","138",Census Tract 138,G5020,S,"169755","0","+40.7065798","-073.8251631",,,,2.47780,3.41027
"36","081","012301","36081012301","123.01",Census Tract 123.01,G5020,S,"591516","0","+40.7757875","-073.8990845",,,,0.11308,2.59912
"36","081","013500","36081013500","135",Census Tract 135,G5020,S,"135758","0","+40.7706488","-073.8989770",,,,1.21965,5.10614
"36","081","010600","36081010600","106",Census Tract 106,G5020,S,"173008","0","+40.6856830","-073.8249640",,,,14.87209,10.25927
"36","081","010200","36081010200","102",Census Tract 102,G5020,S,"213860","0","+40.6787779","-073.8229675",168.000000,74.000000,35403.000000,7.10909,3.66245
"36","081","097203","36081097203","972.03",Census Tract 972.03,G5020,S,"1314888","1020625","+40.6036722","-073.7803703",,,,2.23987,
"36","081","010000","36081010000","100",Census Tract 100,G5020,S,"223353","0","+40.6811536","-073.8288851",,,,6.93950,5.36718
"36","081","129104","36081129104","1291.04",Census Tract 1291.04,G5020,S,"708262","0","+40.7380951","-073.7500691",49.000000,50.000000,98122.000000,2.45240,1.93905
"36","081","038301","36081038301","383.01",Census Tract 383.01,G5020,S,"560162","150182","+40.7616111","-073.8416189",,,,0.56563,1.57468
"36","081","079701","36081079701","797.01",Census Tract 797.01,G5020,S,"111312","0","+40.7533454","-073.8247560",,,,6.17039,2.23847
"36","081","129103","36081129103","1291.03",Census Tract 1291.03,G5020,S,"458537","0","+40.7367042","-073.7597119",,,,0.77624,0.51250
"36","081","099801","36081099801","998.01",Census Tract 998.01,G5020,S,"456707","0","+40.5980835","-073.7575992",,,,14.50140,1.27664
"36","081","100802","36081100802","1008.02",Census Tract 1008.02,G5020,S,"1038703","144963","+40.6027274","-073.7643804",251.000000,47.000000,112659.000000,6.35649,0.60116
"36","081","015801","36081015801","158.01",Census Tract 158.01,G5020,S,"295609","0","+40.6888829","-073.8123322",,,,7.95421,6.31874
"36","081","084900","36081084900","849",Census Tract 849,G5020,S,"303503","0","+40.7547072","-073.8329995",,,,7.37683,12.53247
"36","081","035700","36081035700","357",Census Tract 357,G5020,S,"618526","0","+40.7680154","-073.8712399",,,,8.55729,1.51188
"36","081","086900","36081086900","869",Census Tract 869,G5020,S,"595378","18201","+40.7652626","-073.8337100",,,,18.40733,14.86462
"36","081","026901","36081026901","269.01",Census Tract 269.01,G5020,S,"114214","0","+40.7468744","-073.8822114",,,,31.96568,28.50114
"36","081","099802","36081099802","998.02",Census Tract 998.02,G5020,S,"434635","689393","+40.5879098","-073.7585360",,,,11.79388,0.62935
"36","081","141700","36081141700","1417",Census Tract 1417,G5020,S,"892286","0","+40.7448147","-073.7917203",,,,1.70252,0.47017
"36","081","029400","36081029400","294",Census Tract 294,G5020,S,"1064504","0","+40.6713239","-073.7810654",,,,6.39726,1.82823
"36","081","108500","36081108500","1085",Census Tract 1085,G5020,S,"444815","0","+40.7724453","-073.7890720",,,,4.25278,1.86254
"36","081","109300","36081109300","1093",Census Tract 1093,G5020,S,"1069849","458982","+40.7756127","-073.7704101",121.000000,84.000000,171242.000000,0.47449,1.36986
"36","081","044400","36081044400","444",Census Tract 444,G5020,S,"897131","0","+40.7057626","-073.7818463",,,,7.36752,3.35111
"36","081","058200","36081058200","582",Census Tract 582,G5020,S,"563649","0","+40.7069890","-073.7375538",,,,1.86372,0.94244
"36","081","147900","36081147900","1479",Census Tract 1479,G5020,S,"914228","0","+40.7696001","-073.7422559",258.000000,68.000000,191404.000000,0.92107,2.85000
"36","081","148300","36081148300","1483",Census Tract 1483,G5020,S,"1334134","1047226","+40.7758594","-073.7519701",,,,,0.10856
"36","081","146700","36081146700","1467",Census Tract 1467,G5020,S,"354572","0","+40.7612034","-073.7732141",,,,13.98926,17.18392
"36","081","147100","36081147100","1471",Census Tract 1471,G5020,S,"421861","0","+40.7614709","-073.7634353",,,,18.28984,6.08436
"36","081","150701","36081150701","1507.01",Census Tract 1507.01,G5020,S,"877002","0","+40.7622010","-073.7397018",82.000000,39.000000,192563.000000,,0.77922
"36","081","146300","36081146300","1463",Census Tract 1463,G5020,S,"323967","0","+40.7594665","-073.7811007",,,,2.62408,3.54730
"36","081","140902","36081140902","1409.02",Census Tract 1409.02,G5020,S,"537655","0","+40.7449088","-073.7821539",,,,2.30674,1.06626
"36","081","142900","36081142900","1429",Census Tract 1429,G5020,S,"530341","0","+40.7510646","-073.7845234",,,,0.60819,0.57756
"36","081","139900","36081139900","1399",Census Tract 1399,G5020,S,"364201","0","+40.7498677","-073.7624754",,,,1.28883,0.39301
"36","081","140901","36081140901","1409.01",Census Tract 1409.01,G5020,S,"244502","0","+40.7465405","-073.7749009",,,,0.98042,1.47545
"36","081","144700","36081144700","1447",Census Tract 1447,G5020,S,"412781","0","+40.7568672","-073.7724538",,,,11.75281,6.17952
"36","081","145102","36081145102","1451.02",Census Tract 1451.02,G5020,S,"343669","0","+40.7532383","-073.7781467",,,,3.38196,1.27838
"36","081","143500","36081143500","1435",Census Tract 1435,G5020,S,"357723","0","+40.7529118","-073.7702818",,,,1.08340,1.47129
"36","081","144100","36081144100","1441",Census Tract 1441,G5020,S,"337064","0","+40.7556677","-073.7638129",,,,8.28978,3.09099
"36","081","138501","36081138501","1385.01",Census Tract 1385.01,G5020,S,"989756","49214","+40.7555383","-073.7573134",,,,0.45349,0.06673
"36","081","138502","36081138502","1385.02",Census Tract 1385.02,G5020,S,"2354813","39269","+40.7521109","-073.7449302",249.000000,23.000000,66441.000000,0.01021,0.04968
"36","081","069400","36081069400","694",Census Tract 694,G5020,S,"520067","4775","+40.6551441","-073.7493644",,,,0.55144,
"36","081","145101","36081145101","1451.01",Census Tract 1451.01,G5020,S,"251956","0","+40.7551380","-073.7846965",,,,2.11271,3.91279
"36","081","066400","36081066400","664",Census Tract 664,G5020,S,"2809000","145671","+40.6471780","-073.7430504",262.500000,46.500000,131472.500000,0.26479,
"36","081","069000","36081069000","690",Census Tract 690,G5020,S,"350534","0","+40.6603465","-073.7554142",,,,4.97082,0.29745
"36","081","068000","36081068000","680",Census Tract 680,G5020,S,"764229","0","+40.6637096","-073.7500759",,,,0.75924,0.45318
"36","081","068200","36081068200","682",Census Tract 682,G5020,S,"230135","0","+40.6677937","-073.7504129",,,,0.05429,0.40609
"36","081","055400","36081055400","554",Census Tract 554,G5020,S,"220076","0","+40.7277903","-073.7401593",,,,64.91763,0.55999
"36","081","055800","36081055800","558",Census Tract 558,G5020,S,"192360","0","+40.7225337","-073.7417049",,,,13.16975,0.33502
"36","081","055200","36081055200","552",Census Tract 552,G5020,S,"417515","0","+40.7277874","-073.7496567",,,,0.38158,1.47278
"36","081","056800","36081056800","568",Census Tract 568,G5020,S,"850869","0","+40.7155702","-073.7335751",,,,4.88591,2.91304
"36","081","047800","36081047800","478",Census Tract 478,G5020,S,"653125","0","+40.7195817","-073.7661843",,,,1.06748,0.62184
"36","081","048300","36081048300","483",Census Tract 483,G5020,S,"221536","0","+40.7417172","-073.8926967",,,,10.24614,7.91441
"36","081","066000","36081066000","660",Census Tract 660,G5020,S,"386557","0","+40.6585743","-073.7333631",,,,0.72905,0.67501
"36","081","047600","36081047600","476",Census Tract 476,G5020,S,"547425","0","+40.7224800","-073.7712454",,,,0.04771,
"36","081","065600","36081065600","656",Census Tract 656,G5020,S,"590500","0","+40.6598103","-073.7295645",,,,1.98639,0.01419
"36","081","065400","36081065400","654",Census Tract 654,G5020,S,"683540","17661","+40.6628113","-073.7402932",,,,2.23556,3.00616
"36","081","054200","36081054200","542",Census Tract 542,G5020,S,"541845","0","+40.7190741","-073.7464902",,,,4.50962,1.12007
"36","081","054800","36081054800","548",Census Tract 548,G5020,S,"225673","0","+40.7231977","-073.7512827",,,,1.89226,0.64004
"36","081","087100","36081087100","871",Census Tract 871,G5020,S,"412395","27328","+40.7589475","-073.8332560",,,,21.42367,26.88189
"36","081","088901","36081088901","889.01",Census Tract 889.01,G5020,S,"657467","0","+40.7725905","-073.8282176",,,,1.70080,2.24679
"36","081","086300","36081086300","863",Census Tract 863,G5020,S,"144150","0","+40.7612685","-073.8199413",,,,32.47100,5.03436
"36","081","086500","36081086500","865",Census Tract 865,G5020,S,"158252","0","+40.7626869","-073.8251718",,,,117.11405,10.01923
"36","081","084602","36081084602","846.02",Census Tract 846.02,G5020,S,"717562","0","+40.6651262","-073.8165809",,,,3.49989,0.16280
"36","081","086100","36081086100","861",Census Tract 861,G5020,S,"148788","0","+40.7568129","-073.8178758",,,,6.07525,2.99423
"36","081","064600","36081064600","646",Census Tract 646,G5020,S,"407308","0","+40.6727740","-073.7423254",,,,4.21671,1.25922
"36","081","065000","36081065000","650",Census Tract 650,G5020,S,"399997","0","+40.6694592","-073.7448232",32.000000,28.000000,12410.000000,1.36485,0.02685
"36","081","054000","36081054000","540",Census Tract 540,G5020,S,"522713","0","+40.7127947","-073.7432243",,,,5.42235,0.95280
"36","081","063800","36081063800","638",Census Tract 638,G5020,S,"688853","0","+40.6698297","-073.7330637",133.000000,28.000000,144692.000000,5.96154,2.69311
"36","081","053401","36081053401","534.01",Census Tract 534.01,G5020,S,"260260","0","+40.6998291","-073.7441493",154.000000,21.000000,109261.000000,0.47540,1.30995
"36","081","053601","36081053601","536.01",Census Tract 536.01,G5020,S,"190875","0","+40.7067119","-073.7458711",,,,2.03241,0.84930
"36","081","084000","36081084000","840",Census Tract 840,G5020,S,"568482","0","+40.6739493","-073.8176533",,,,7.18327,2.58785
"36","081","084601","36081084601","846.01",Census Tract 846.01,G5020,S,"333236","0","+40.6673404","-073.8217246",,,,2.55535,0.79666
"36","081","083700","36081083700","837",Census Tract 837,G5020,S,"780782","0","+40.7447536","-073.8197846",298.000000,66.000000,49971.000000,2.63099,0.20770
"36","081","083800","36081083800","838",Census Tract 838,G5020,S,"495382","0","+40.6702951","-073.8195098",,,,6.36613,1.23436
"36","081","062400","36081062400","624",Census Tract 624,G5020,S,"512105","0","+40.6857824","-073.7419913",,,,0.82037,
"36","081","062600","36081062600","626",Census Tract 626,G5020,S,"429396","0","+40.6819741","-073.7481021",,,,2.48367,0.95787
"36","081","061800","36081061800","618",Census Tract 618,G5020,S,"241542","0","+40.6768943","-073.7364182",,,,1.83153,2.83266
"36","081","084500","36081084500","845",Census Tract 845,G5020,S,"188674","0","+40.7499613","-073.8202280",,,,6.32400,0.51872
"36","081","052800","36081052800","528",Census Tract 528,G5020,S,"180396","0","+40.6940352","-073.7587303",,,,12.36791,2.28720
"36","081","053000","36081053000","530",Census Tract 530,G5020,S,"230158","0","+40.6963382","-073.7525403",54.000000,74.000000,148125.000000,7.65462,0.24419
"36","081","081800","36081081800","818",Census Tract 818,G5020,S,"374600","0","+40.6705172","-073.8090759",4.000000,58.000000,162595.000000,11.99198,0.35300
"36","081","052400","36081052400","524",Census Tract 524,G5020,S,"196181","0","+40.7012277","-073.7619595",,,,3.38936,0.73925
"36","081","080302","36081080302","803.02",Census Tract 803.02,G5020,S,"438822","0","+40.7403637","-073.8262189",116.500000,79.500000,149239.000000,3.87285,
"36","081","081400","36081081400","814",Census Tract 814,G5020,S,"369558","0","+40.6707019","-073.8039344",252.000000,65.000000,156115.000000,7.46620,1.71206
"36","081","062000","36081062000","620",Census Tract 620,G5020,S,"216234","0","+40.6810561","-073.7378195",,,,0.53147,0.32137
"36","081","080301","36081080301","803.01",Census Tract 803.01,G5020,S,"315274","0","+40.7447917","-073.8308720",,,,2.84502,0.71506
"36","081","051000","36081051000","510",Census Tract 510,G5020,S,"184889","0","+40.7097117","-073.7537153",,,,2.61075,1.74327
"36","081","050800","36081050800","508",Census Tract 508,G5020,S,"219531","0","+40.7069840","-073.7554219",,,,3.39629,0.96747
"36","081","052200","36081052200","522",Census Tract 522,G5020,S,"169840","0","+40.7004447","-073.7573683",,,,4.63230,0.20363
"36","081","050201","36081050201","502.01",Census Tract 502.01,G5020,S,"168128","0","+40.7088026","-073.7649037",,,,5.99475,0.50437
"36","081","051600","36081051600","516",Census Tract 516,G5020,S,"184315","0","+40.7027238","-073.7472616",,,,2.49903,0.91295
"36","081","050000","36081050000","500",Census Tract 500,G5020,S,"336068","0","+40.7119449","-073.7636159",,,,6.87556,0.87793
"36","081","061602","36081061602","616.02",Census Tract 616.02,G5020,S,"422309","0","+40.6775523","-073.7292421",,,,,1.94019
"36","081","051800","36081051800","518",Census Tract 518,G5020,S,"169821","0","+40.7018381","-073.7520094",,,,5.02167,0.40292
"36","081","060600","36081060600","606",Census Tract 606,G5020,S,"215296","0","+40.6917471","-073.7353308",,,,3.22636,0.43975
"36","081","061400","36081061400","614",Census Tract 614,G5020,S,"257752","0","+40.6861196","-073.7295117",,,,0.81206,
"36","081","060800","36081060800","608",Census Tract 608,G5020,S,"211446","0","+40.6936037","-073.7413143",,,,1.26631,1.58113
"36","081","060000","36081060000","600",Census Tract 600,G5020,S,"176717","0","+40.6950630","-073.7333032",,,,3.91645,0.36745
"36","081","059400","36081059400","594",Census Tract 594,G5020,S,"222046","0","+40.6984691","-073.7311844",186.000000,22.000000,186381.000000,2.73720,0.00164
"36","081","059800","36081059800","598",Census Tract 598,G5020,S,"206471","0","+40.6982947","-073.7406666",,,,1.09392,1.56394
"36","081","059200","36081059200","592",Census Tract 592,G5020,S,"226137","0","+40.7012350","-073.7297322",,,,1.55254,
"36","081","049600","36081049600","496",Census Tract 496,G5020,S,"273116","0","+40.7169502","-073.7531219",,,,5.19974,2.31725
"36","081","091602","36081091602","916.02",Census Tract 916.02,G5020,S,"1277598","1124549","+40.5603525","-073.8870179",,,,,0.07342
"36","081","049200","36081049200","492",Census Tract 492,G5020,S,"486220","0","+40.7229805","-073.7584947",,,,3.02779,1.61419
"36","081","091900","36081091900","919",Census Tract 919,G5020,S,"450774","327380","+40.7764062","-073.8484646",,,,5.06318,1.08025
"36","081","037700","36081037700","377",Census Tract 377,G5020,S,"146818","0","+40.7556614","-073.8687135",,,,44.36724,7.82639
"36","081","055600","36081055600","556",Census Tract 556,G5020,S,"226903","0","+40.7255507","-073.7450034",,,,2.05998,0.95913
"36","081","025900","36081025900","259",Census Tract 259,G5020,S,"187189","0","+40.7485778","-073.9035261",,,,6.65882,11.44636
"36","081","050400","36081050400","504",Census Tract 504,G5020,S,"216307","0","+40.7051196","-073.7643586",238.000000,42.000000,154079.000000,4.03194,0.75133
"36","081","043200","36081043200","432",Census Tract 432,G5020,S,"238369","0","+40.6913107","-073.7758835",,,,1.90016,0.49564
"36","081","035100","36081035100","351",Census Tract 351,G5020,S,"139241","0","+40.7590997","-073.8770465",,,,100.09620,10.19879
"36","081","036300","36081036300","363",Census Tract 363,G5020,S,"134898","0","+40.7596838","-073.8694173",,,,29.00052,5.38703
"36","081","133900","36081133900","1339",Census Tract 1339,G5020,S,"226211","0","+40.7286400","-073.7900377",,,,0.77248,1.40556
"36","081","023800","36081023800","238",Census Tract 238,G5020,S,"156689","0","+40.7052221","-073.8090375",,,,14.50226,7.82616
"36","081","028500","36081028500","285",Census Tract 285,G5020,S,"158104","0","+40.7514661","-073.8871163",,,,16.39780,24.42328
"36","081","118900","36081118900","1189",Census Tract 1189,G5020,S,"202351","0","+40.7565055","-073.8126136",,,,5.22858,2.23817
"36","081","033401","36081033401","334.01",Census Tract 334.01,G5020,S,"560656","0","+40.6791764","-073.7674364",,,,15.17590,1.52672
"36","081","061200","36081061200","612",Census Tract 612,G5020,S,"262496","0","+40.6882912","-073.7367254",,,,1.32914,0.00439
"36","081","039900","36081039900","399",Census Tract 399,G5020,S,"169666","0","+40.7518089","-073.8535818",,,,19.06892,7.12838
"36","081","056000","36081056000","560",Census Tract 560,G5020,S,"213438","0","+40.7254352","-073.7365635",,,,132.99629,0.45638
"36","081","027700","36081027700","277",Census Tract 277,G5020,S,"174892","0","+40.7526941","-073.8779449",,,,65.28481,17.57310
"36","081","040300","36081040300","403",Census Tract 403,G5020,S,"199944","0","+40.7506523","-073.8604325",,,,35.64133,13.41190
"36","081","024700","36081024700","247",Census Tract 247,G5020,S,"97621","0","+40.7422779","-073.8994500",,,,8.31886,8.06357
"36","081","022900","36081022900","229",Census Tract 229,G5020,S,"1341173","0","+40.7342754","-073.9113356",,,,0.62973,
"36","081","017800","36081017800","178",Census Tract 178,G5020,S,"188705","0","+40.6770911","-073.8087606",,,,7.58302,0.79874
"36","081","058900","36081058900","589",Census Tract 589,G5020,S,"165272","0","+40.7062404","-073.9050398",,,,11.99937,13.76599
"36","081","038400","36081038400","384",Census Tract 384,G5020,S,"297515","0","+40.6933415","-073.7476395",,,,5.38178,0.35175
"36","081","018900","36081018900","189",Census Tract 189,G5020,S,"217707","0","+40.7400819","-073.9279990",,,,6.37854,5.40362
"36","081","028300","36081028300","283",Census Tract 283,G5020,S,"177715","0","+40.7511737","-073.8848654",,,,19.37771,26.49726
"36","081","021900","36081021900","219",Census Tract 219,G5020,S,"1283506","107995","+40.7231493","-073.9189891",24.000000,76.000000,188614.000000,0.05398,
"36","081","101001","36081101001","1010.01",Census Tract 1010.01,G5020,S,"804849","210562","+40.5968328","-073.7501362",,,,38.19290,0.07139
"36","081","025302","36081025302","253.02",Census Tract 253.02,G5020,S,"105029","0","+40.7441688","-073.9131355",,,,10.74174,15.44640
"36","081","042600","36081042600","426",Census Tract 426,G5020,S,"521709","0","+40.6888726","-073.7702025",,,,2.83143,0.75673
"36","081","018700","36081018700","187",Census Tract 187,G5020,S,"236444","0","+40.7366578","-073.9246745",,,,3.96697,2.08633
"36","081","085900","36081085900","859",Census Tract 859,G5020,S,"146217","0","+40.7549868","-073.8207972",,,,5.61444,2.60369
"36","081","017100","36081017100","171",Census Tract 171,G5020,S,"1248954","0","+40.7497497","-073.9255501",,,,1.66538,5.31275
"36","081","061601","36081061601","616.01",Census Tract 616.01,G5020,S,"380215","0","+40.6818554","-073.7318753",,,,0.01208,
"36","081","025301","36081025301","253.01",Census Tract 253.01,G5020,S,"127194","0","+40.7445685","-073.9165163",,,,10.35347,19.66743
"36","081","124700","36081124700","1247",Census Tract 1247,G5020,S,"483459","0","+40.7280893","-073.7962451",159.500000,30.000000,127883.500000,1.44233,0.44186
"36","081","016300","36081016300","163",Census Tract 163,G5020,S,"218253","0","+40.7563081","-073.9098820",,,,3.28518,7.21631
"36","081","023200","36081023200","232",Census Tract 232,G5020,S,"330470","0","+40.7095892","-073.8112809",,,,5.27672,2.53625
"36","081","016900","36081016900","169",Census Tract 169,G5020,S,"231080","0","+40.7482726","-073.9143592",5.000000,47.000000,100703.000000,5.69345,10.75981
"36","081","027600","36081027600","276",Census Tract 276,G5020,S,"158733","0","+40.6875883","-073.7862396",,,,9.11463,0.78211
"36","081","014700","36081014700","147",Census Tract 147,G5020,S,"147950","0","+40.7629976","-073.9107521",,,,6.45289,18.68589
"36","081","010800","36081010800","108",Census Tract 108,G5020,S,"157581","0","+40.6886096","-073.8305968",,,,12.77350,8.66005
"36","081","014900","36081014900","149",Census Tract 149,G5020,S,"106596","0","+40.7618538","-073.9144442",,,,7.63176,33.61362
"36","081","056400","36081056400","564",Census Tract 564,G5020,S,"187147","0","+40.7215544","-073.7334063",,,,48.20038,1.11449
"36","081","018502","36081018502","185.02",Census Tract 185.02,G5020,S,"98391","0","+40.7405546","-073.9220647",,,,10.15774,14.27391
"36","081","052000","36081052000","520",Census Tract 520,G5020,S,"172214","0","+40.7011396","-073.7546876",,,,4.81159,0.19197
"36","081","015700","36081015700","157",Census Tract 157,G5020,S,"128464","0","+40.7550147","-073.9219258",,,,3.04653,21.48819
"36","081","157102","36081157102","1571.02",Census Tract 1571.02,G5020,S,"320045","0","+40.7349892","-073.7250512",,,,0.10562,0.01472
"36","081","014500","36081014500","145",Census Tract 145,G5020,S,"127735","0","+40.7642809","-073.9075079",,,,3.86312,8.88809
"36","081","046000","36081046000","460",Census Tract 460,G5020,S,"221268","0","+40.7082566","-073.7934900",,,,140.43146,4.74393
"36","081","015500","36081015500","155",Census Tract 155,G5020,S,"147508","0","+40.7600351","-073.9175962",,,,6.31284,39.35050
"36","081","137700","36081137700","1377",Census Tract 1377,G5020,S,"749685","0","+40.7471258","-073.7500459",163.000000,59.000000,123326.000000,0.12974,0.20982
"36","081","011700","36081011700","117",Census Tract 117,G5020,S,"212827","0","+40.7722297","-073.9104558",,,,50.44511,30.22285
"36","081","145900","36081145900","1459",Census Tract 1459,G5020,S,"372382","0","+40.7542091","-073.7919465",,,,1.59855,4.02064
"36","081","013700","36081013700","137",Census Tract 137,G5020,S,"199933","0","+40.7689714","-073.9049147",,,,2.78358,12.95508
"36","081","118700","36081118700","1187",Census Tract 1187,G5020,S,"187235","0","+40.7596321","-073.8128802",,,,9.03225,6.41247
"36","081","011300","36081011300","113",Census Tract 113,G5020,S,"178676","0","+40.7762579","-073.9084659",,,,2.46021,25.51119
"36","081","121100","36081121100","1211",Census Tract 1211,G5020,S,"979719","46201","+40.7456558","-073.8083171",,,,0.44049,
"36","081","011500","36081011500","115",Census Tract 115,G5020,S,"185559","0","+40.7744206","-073.9133464",247.000000,60.000000,166961.000000,35.71288,26.14805
"36","081","113300","36081113300","1133",Census Tract 1133,G5020,S,"253829","0","+40.7641494","-073.7831519",,,,0.02039,1.79081
"36","081","006300","36081006300","63",Census Tract 63,G5020,S,"212503","0","+40.7644845","-073.9200240",,,,20.03368,49.69133
"36","081","115700","36081115700","1157",Census Tract 1157,G5020,S,"314622","0","+40.7675730","-073.8151695",,,,5.99598,5.50724
"36","081","007100","36081007100","71",Census Tract 71,G5020,S,"195059","0","+40.7690847","-073.9230485",,,,22.01374,20.37480
"36","081","114700","36081114700","1147",Census Tract 1147,G5020,S,"308438","0","+40.7682675","-073.8019551",,,,0.59745,2.21368
"36","081","014201","36081014201","142.01",Census Tract 142.01,G5020,S,"210913","0","+40.7009734","-073.8246417",,,,36.00248,4.80830
"36","081","007500","36081007500","75",Census Tract 75,G5020,S,"129225","0","+40.7645436","-073.9273299",,,,4.57833,22.58916
"36","081","041300","36081041300","413",Census Tract 413,G5020,S,"158802","0","+40.7447361","-073.8613081",,,,26.26917,4.96014
"36","081","077904","36081077904","779.04",Census Tract 779.04,G5020,S,"385726","0","+40.7209651","-073.8141647",133.000000,80.000000,40362.000000,2.41235,3.51407
"36","081","097202","36081097202","972.02",Census Tract 972.02,G5020,S,"576641","1132095","+40.5863940","-073.7787117",,,,3.96893,0.69682
"36","081","118500","36081118500","1185",Census Tract 1185,G5020,S,"155079","0","+40.7594676","-073.8038067",,,,2.16127,18.17433
"36","081","059000","36081059000","590",Census Tract 590,G5020,S,"158600","0","+40.7012577","-073.7369979",,,,2.89924,0.42498
"36","081","085300","36081085300","853",Census Tract 853,G5020,S,"195226","0","+40.7571520","-073.8276531",,,,39.20322,13.31685
"36","081","063200","36081063200","632",Census Tract 632,G5020,S,"296790","0","+40.6765163","-073.7405087",,,,2.26109,2.67534
"36","081","006501","36081006501","65.01",Census Tract 65.01,G5020,S,"111103","0","+40.7680443","-073.9176748",,,,111.93558,35.71468
"36","081","053200","36081053200","532",Census Tract 532,G5020,S,"189804","0","+40.7001025","-073.7490920",,,,2.95265,0.45775
"36","081","018101","36081018101","181.01",Census Tract 181.01,G5020,S,"96143","0","+40.7445099","-073.9241233",,,,10.14846,18.64379
"36","081","045200","36081045200","452",Census Tract 452,G5020,S,"214219","0","+40.7145881","-073.7995605",,,,4.35555,0.29013
"36","081","003300","36081003300","33",Census Tract 33,G5020,S,"509003","0","+40.7543845","-073.9380996",,,,17.17498,6.41675
"36","081","048000","36081048000","480",Census Tract 480,G5020,S,"230261","0","+40.7128891","-073.7730046",,,,5.61732,2.37143
"36","081","019900","36081019900","199",Census Tract 199,G5020,S,"1590839","87694","+40.7331325","-073.9304349",275.000000,22.000000,160024.000000,1.33635,1.37726
"36","081","036100","36081036100","361",Census Tract 361,G5020,S,"157372","0","+40.7612829","-073.8724157",,,,34.77700,7.34181
"36","081","018501","36081018501","185.01",Census Tract 185.01,G5020,S,"98522","0","+40.7387097","-073.9224312",,,,6.70381,8.18523
"36","081","040000","36081040000","400",Census Tract 400,G5020,S,"196301","0","+40.6981476","-073.7648635",,,,3.99570,0.95046
"36","081","053100","36081053100","531",Census Tract 531,G5020,S,"423497","0","+40.7230578","-073.9083341",,,,2.26281,2.06687
"36","081","026700","36081026700","267",Census Tract 267,G5020,S,"209800","0","+40.7453276","-073.8880322",11.000000,51.000000,145444.000000,28.35042,33.47729
"36","081","008500","36081008500","85",Census Tract 85,G5020,S,"273044","0","+40.7600215","-073.9407223",,,,13.76706,0.22895
"36","081","010400","36081010400","104",Census Tract 104,G5020,S,"186476","0","+40.6829682","-073.8265465",,,,10.83827,6.85890
"36","081","006502","36081006502","65.02",Census Tract 65.02,G5020,S,"153366","0","+40.7667951","-073.9151194",,,,108.61617,38.58978
"36","081","115900","36081115900","1159",Census Tract 1159,G5020,S,"308991","0","+40.7686397","-073.8207551",157.000000,25.000000,159655.000000,4.99751,2.09033
"36","081","051200","36081051200","512",Census Tract 512,G5020,S,"375794","0","+40.7104101","-073.7501194",,,,2.04101,1.39233
"36","081","012500","36081012500","125",Census Tract 125,G5020,S,"163049","0","+40.7709267","-073.9156695",,,,120.67830,22.86640
"36","081","019800","36081019800","198",Census Tract 198,G5020,S,"207719","0","+40.6918446","-073.8028034",,,,10.57300,0.76125
"36","081","052600","36081052600","526",Census Tract 526,G5020,S,"182575","0","+40.6970946","-073.7597630",,,,7.26660,1.32843
"36","081","140300","36081140300","1403",Census Tract 1403,G5020,S,"374326","0","+40.7481688","-073.7696023",67.500000,71.500000,55859.000000,0.40597,0.05846
"36","081","026400","36081026400","264",Census Tract 264,G5020,S,"254449","0","+40.6922318","-073.7857904",,,,4.11513,0.43902
"36","081","037500","36081037500","375",Census Tract 375,G5020,S,"153192","0","+40.7513476","-073.8700005",,,,35.72825,16.01551
"36","081","085700","36081085700","857",Census Tract 857,G5020,S,"132521","0","+40.7570602","-073.8230578",,,,22.08689,3.58274
"36","081","033700","36081033700","337",Census Tract 337,G5020,S,"150835","0","+40.7587307","-073.8826281",,,,32.51312,14.20498
"36","081","111300","36081111300","1113",Census Tract 1113,G5020,S,"730305","105941","+40.7679197","-073.7626797",,,,0.34027,0.91114
"36","081","012000","36081012000","120",Census Tract 120,G5020,S,"144523","0","+40.6915009","-073.8286536",,,,11.34755,6.45752
"36","081","085500","36081085500","855",Census Tract 855,G5020,S,"130510","0","+40.7596421","-073.8236352",,,,71.10909,5.54074
"36","081","063000","36081063000","630",Census Tract 630,G5020,S,"190477","0","+40.6802878","-073.7435795",,,,1.26249,1.30402
"36","081","022002","36081022002","220.02",Census Tract 220.02,G5020,S,"306106","0","+40.7132006","-073.8144642",,,,3.90993,1.17745
"36","081","050202","36081050202","502.02",Census Tract 502.02,G5020,S,"152854","0","+40.7101892","-073.7592925",,,,4.69747,0.76539
"36","081","059600","36081059600","596",Census Tract 596,G5020,S,"194550","0","+40.6971372","-073.7370565",,,,2.94850,1.10513
"36","081","024600","36081024600","246",Census Tract 246,G5020,S,"303539","0","+40.7012022","-073.7964993",,,,13.99396,1.78373
"36","081","020200","36081020200","202",Census Tract 202,G5020,S,"153117","0","+40.6897570","-073.8078112",,,,6.88467,3.01755
"36","081","016400","36081016400","164",Census Tract 164,G5020,S,"197820","0","+40.6850800","-073.8165573",,,,13.51954,4.05320
"36","081","056200","36081056200","562",Census Tract 562,G5020,S,"160598","0","+40.7246382","-073.7331947",,,,117.52949,0.89418
"36","081","040900","36081040900","409",Census Tract 409,G5020,S,"152469","0","+40.7496629","-073.8675921",,,,67.53494,15.06168
"36","081","120100","36081120100","1201",Census Tract 1201,G5020,S,"162893","0","+40.7532121","-073.8140593",,,,3.65153,1.63828
"36","081","027500","36081027500","275",Census Tract 275,G5020,S,"177626","0","+40.7521537","-073.8755691",,,,61.79072,16.73594
"36","081","026100","36081026100","261",Census Tract 261,G5020,S,"221607","0","+40.7472116","-073.9006009",,,,11.34940,16.24946
"36","081","061000","36081061000","610",Census Tract 610,G5020,S,"236865","0","+40.6901782","-073.7432503",,,,1.39724,0.27414
"36","081","129102","36081129102","1291.02",Census Tract 1291.02,G5020,S,"991868","0","+40.7316384","-073.7543823",,,,,0.26528
"36","081","053800","36081053800","538",Census Tract 538,G5020,S,"188754","0","+40.7064789","-073.7425304",,,,1.67400,1.26537
"36","081","050600","36081050600","506",Census Tract 506,G5020,S,"206128","0","+40.7057930","-073.7596688",,,,3.94574,0.46596
"36","081","012100","36081012100","121",Census Tract 121,G5020,S,"137900","0","+40.7727587","-073.9035141",,,,1.51808,15.45558
"36","081","014400","36081014400","144",Census Tract 144,G5020,S,"219829","0","+40.6984968","-073.8284961",,,,129.93291,8.10350
"36","081","116300","36081116300","1163",Census Tract 1163,G5020,S,"251471","0","+40.7638178","-073.8192084",,,,21.38052,6.99279
"36","081","032700","36081032700","327",Census Tract 327,G5020,S,"150852","0","+40.7584364","-073.8854176",,,,13.79144,14.62015
"36","081","046100","36081046100","461",Census Tract 461,G5020,S,"112817","0","+40.7417148","-073.8712656",,,,78.01267,2.74796
"36","081","023600","36081023600","236",Census Tract 236,G5020,S,"176279","0","+40.7073435","-073.8049191",,,,16.31648,4.27089
"36","081","044601","36081044601","446.01",Census Tract 446.01,G5020,S,"224773","0","+40.7049531","-073.7977906",,,,67.68829,2.86760
"36","081","048100","36081048100","481",Census Tract 481,G5020,S,"139052","0","+40.7422192","-073.8850516",,,,22.16913,13.96713
"36","081","043900","36081043900","439",Census Tract 439,G5020,S,"164750","0","+40.7418688","-073.8558125",,,,21.64633,3.31239
"36","081","044000","36081044000","440",Census Tract 440,G5020,S,"378559","0","+40.7026771","-073.7846237",,,,9.61559,2.00808
"36","081","035200","36081035200","352",Census Tract 352,G5020,S,"606225","0","+40.6794830","-073.7575960",,,,2.04777,1.36434
"36","081","035300","36081035300","353",Census Tract 353,G5020,S,"155113","0","+40.7596120","-073.8741249",,,,84.30362,8.60211
"36","081","038100","36081038100","381",Census Tract 381,G5020,S,"284505","0","+40.7561213","-073.8576786",,,,23.70345,6.20922
"36","081","034700","36081034700","347",Census Tract 347,G5020,S,"382772","0","+40.7668848","-073.8786774",61.000000,64.000000,193846.000000,10.84014,1.29869
"36","081","037300","36081037300","373",Census Tract 373,G5020,S,"238080","0","+40.7597100","-073.8599795",80.000000,60.000000,125997.000000,12.50434,3.69029
"36","081","037600","36081037600","376",Census Tract 376,G5020,S,"769753","0","+40.6878123","-073.7541190",,,,10.62059,0.12996
"36","081","036800","36081036800","368",Census Tract 368,G5020,S,"232844","0","+40.6853212","-073.7664846",,,,5.62023,0.90477
"36","081","037100","36081037100","371",Census Tract 371,G5020,S,"187474","0","+40.7641434","-073.8636241",,,,6.42710,0.74943
"36","081","036600","36081036600","366",Census Tract 366,G5020,S,"369653","0","+40.6856340","-073.7630903",,,,5.99940,0.98242
"36","081","035800","36081035800","358",Census Tract 358,G5020,S,"524485","0","+40.6757910","-073.7509805",,,,2.05950,0.91653
"36","081","036700","36081036700","367",Census Tract 367,G5020,S,"195576","0","+40.7632227","-073.8679395",,,,8.90634,2.74301
"36","081","036500","36081036500","365",Census Tract 365,G5020,S,"166196","0","+40.7595246","-073.8656054",,,,15.22106,3.61408
"36","081","047200","36081047200","472",Census Tract 472,G5020,S,"520868","0","+40.7176257","-073.7789434",,,,1.00468,1.36077
"36","081","030904","36081030904","309.04",Census Tract 309.04,G5020,S,"414419","0","+40.7635831","-073.8910547",,,,2.37548,1.31958
"36","081","046900","36081046900","469",Census Tract 469,G5020,S,"151385","0","+40.7451965","-073.8771845",,,,46.21438,9.38189
"36","081","047000","36081047000","470",Census Tract 470,G5020,S,"229319","0","+40.7112968","-073.7772983",,,,5.30171,3.79192
"36","081","046700","36081046700","467",Census Tract 467,G5020,S,"141858","0","+40.7454564","-073.8745856",,,,95.45704,7.56327
"36","081","046800","36081046800","468",Census Tract 468,G5020,S,"229419","0","+40.7104936","-073.7822789",,,,7.09932,5.73034
"36","081","046500","36081046500","465",Census Tract 465,G5020,S,"129758","0","+40.7469665","-073.8702981",,,,125.25179,10.36701
"36","081","046600","36081046600","466",Census Tract 466,G5020,S,"240535","0","+40.7140095","-073.7851000",59.000000,30.000000,169012.000000,5.32357,4.11707
"36","081","046300","36081046300","463",Census Tract 463,G5020,S,"159415","0","+40.7440007","-073.8710900",,,,126.89113,4.57181
"36","081","046400","36081046400","464",Census Tract 464,G5020,S,"228767","0","+40.7168637","-073.7869958",,,,1.66727,1.41907
"36","081","045800","36081045800","458",Census Tract 458,G5020,S,"245281","0","+40.7152626","-073.7909261",,,,4.46360,2.21327
"36","081","046200","36081046200","462",Census Tract 462,G5020,S,"249611","0","+40.7098547","-073.7879749",,,,68.21238,8.58129
"36","081","107202","36081107202","1072.02",Census Tract 1072.02,G5020,S,"6755836","17153323","+40.6252538","-073.8137646",115.000000,27.000000,149094.666667,,
"36","081","044800","36081044800","448",Census Tract 448,G5020,S,"208002","0","+40.7110219","-073.8026344",,,,8.76096,1.32832
"36","081","003800","36081003800","38",Census Tract 38,G5020,S,"176214","0","+40.6847999","-073.8474941",,,,9.36184,3.60810
"36","081","004200","36081004200","42",Census Tract 42,G5020,S,"200287","0","+40.6818145","-073.8579641",,,,6.38578,1.18121
"36","081","003400","36081003400","34",Census Tract 34,G5020,S,"213987","0","+40.6847731","-073.8581871",,,,5.64074,1.76542
"36","081","003600","36081003600","36",Census Tract 36,G5020,S,"180006","0","+40.6837714","-073.8568176",,,,6.10696,1.47629
"36","081","004001","36081004001","40.01",Census Tract 40.01,G5020,S,"174292","0","+40.6832481","-073.8458743",,,,40.81202,5.49651
"36","081","045500","36081045500","455",Census Tract 455,G5020,S,"148238","0","+40.7363109","-073.8623266",,,,19.18991,4.80287
"36","081","038302","36081038302","383.02",Census Tract 383.02,G5020,S,"4482808","1281692","+40.7429690","-073.8423984",,,,,
"36","081","079300","36081079300","793",Census Tract 793,G5020,S,"870160","0","+40.7363897","-073.8314913",,,,2.84346,
"36","081","066100","36081066100","661",Census Tract 661,G5020,S,"133576","0","+40.7175103","-073.8817903",,,,1.75116,0.52323
"36","081","077300","36081077300","773",Census Tract 773,G5020,S,"279069","0","+40.7109133","-073.8352803",,,,1.38496,4.28281
"36","081","077500","36081077500","775",Census Tract 775,G5020,S,"229488","0","+40.7091018","-073.8323371",,,,2.41182,6.96795
"36","081","076902","36081076902","769.02",Census Tract 769.02,G5020,S,"101240","0","+40.7150342","-073.8340325",217.000000,27.000000,66393.000000,1.38695,4.26784
"36","081","073700","36081073700","737",Census Tract 737,G5020,S,"210609","0","+40.7184405","-073.8432492",,,,2.08221,20.44800
"36","081","074300","36081074300","743",Census Tract 743,G5020,S,"193477","0","+40.7322992","-073.8492461",,,,5.30784,2.58893
"36","081","074500","36081074500","745",Census Tract 745,G5020,S,"174486","0","+40.7361049","-073.8508368",,,,8.01674,1.41216
"36","081","072900","36081072900","729",Census Tract 729,G5020,S,"193731","0","+40.7128119","-073.8521815",,,,1.32659,6.97345
"36","081","073900","36081073900","739",Census Tract 739,G5020,S,"224293","0","+40.7236929","-073.8442715",,,,7.88751,15.12747
"36","081","071100","36081071100","711",Census Tract 711,G5020,S,"375475","0","+40.7220697","-073.8524948",,,,39.23900,7.11448
"36","081","073100","36081073100","731",Census Tract 731,G5020,S,"189843","0","+40.7109534","-073.8463317",,,,0.52128,6.68129
"36","081","069702","36081069702","697.02",Census Tract 697.02,G5020,S,"441419","0","+40.7222530","-073.8628711",,,,1.35538,2.33413
"36","081","070700","36081070700","707",Census Tract 707,G5020,S,"222061","0","+40.7150711","-073.8555663",,,,1.16107,3.34894
